Frequency (Hz)	Level (dB)
5.383301	-100.456230
10.766602	-100.939690
16.149902	-101.258797
21.533203	-102.426750
26.916504	-103.926102
32.299805	-105.250931
37.683105	-105.435577
43.066406	-104.541985
48.449707	-104.203842
53.833008	-103.448715
59.216309	-101.516029
64.599609	-100.158493
69.982910	-98.581360
75.366211	-98.816391
80.749512	-100.901123
86.132812	-101.461189
91.516113	-98.675011
96.899414	-97.067268
102.282715	-97.742744
107.666016	-98.415985
113.049316	-97.548050
118.432617	-96.566216
123.815918	-95.423019
129.199219	-93.564201
134.582520	-91.316902
139.965820	-88.074989
145.349121	-86.706375
150.732422	-86.652397
156.115723	-85.253685
161.499023	-83.104309
166.882324	-82.196716
172.265625	-80.641510
177.648926	-76.971992
183.032227	-73.967285
188.415527	-71.804405
193.798828	-69.479958
199.182129	-66.433937
204.565430	-63.556641
209.948730	-62.223759
215.332031	-60.772202
220.715332	-59.399899
226.098633	-59.584652
231.481934	-60.621384
236.865234	-60.196480
242.248535	-58.414604
247.631836	-57.022629
253.015137	-55.850605
258.398438	-55.152939
263.781738	-54.992496
269.165039	-53.179455
274.548340	-51.613213
279.931641	-51.275234
285.314941	-50.888645
290.698242	-50.355701
296.081543	-50.300442
301.464844	-50.501213
306.848145	-50.224739
312.231445	-49.295910
317.614746	-48.478073
322.998047	-48.378944
328.381348	-48.146309
333.764648	-47.603519
339.147949	-47.805935
344.531250	-48.336472
349.914551	-49.210140
355.297852	-49.880684
360.681152	-48.985535
366.064453	-47.132706
371.447754	-45.377266
376.831055	-44.716278
382.214355	-44.819569
387.597656	-45.077793
392.980957	-45.999367
398.364258	-46.335831
403.747559	-45.425957
409.130859	-44.327179
414.514160	-44.110271
419.897461	-44.291782
425.280762	-43.468353
430.664062	-43.313744
436.047363	-43.612629
441.430664	-43.344921
446.813965	-43.226547
452.197266	-43.976803
457.580566	-45.025204
462.963867	-44.059631
468.347168	-42.562714
473.730469	-43.098049
479.113770	-44.677963
484.497070	-45.580353
489.880371	-44.941895
495.263672	-44.301510
500.646973	-44.681145
506.030273	-44.756260
511.413574	-43.943367
516.796875	-43.551289
522.180176	-43.393940
527.563477	-43.469467
532.946777	-43.327400
538.330078	-43.603470
543.713379	-44.174133
549.096680	-43.646324
554.479980	-42.662888
559.863281	-42.548584
565.246582	-43.388474
570.629883	-44.819023
576.013184	-44.797291
581.396484	-44.088936
586.779785	-44.630596
592.163086	-44.586090
597.546387	-43.783936
602.929688	-42.323372
608.312988	-41.580738
613.696289	-41.439026
619.079590	-40.727943
624.462891	-40.825611
629.846191	-39.835888
635.229492	-38.828556
640.612793	-38.997387
645.996094	-39.190136
651.379395	-39.295895
656.762695	-39.990444
662.145996	-40.825062
667.529297	-41.135593
672.912598	-40.979702
678.295898	-40.862183
683.679199	-41.009399
689.062500	-41.416668
694.445801	-42.070747
699.829102	-41.914856
705.212402	-40.651932
710.595703	-40.333950
715.979004	-40.638855
721.362305	-40.950558
726.745605	-41.761162
732.128906	-42.064022
737.512207	-41.671177
742.895508	-40.917374
748.278809	-39.828339
753.662109	-39.554012
759.045410	-39.925484
764.428711	-39.812405
769.812012	-40.274052
775.195312	-41.240284
780.578613	-41.950459
785.961914	-41.822720
791.345215	-41.355686
796.728516	-41.060955
802.111816	-40.848557
807.495117	-41.034779
812.878418	-41.258633
818.261719	-41.091801
823.645020	-40.383148
829.028320	-39.785336
834.411621	-39.969711
839.794922	-40.492023
845.178223	-41.961617
850.561523	-42.662914
855.944824	-42.134712
861.328125	-42.438187
866.711426	-44.339664
872.094727	-46.153221
877.478027	-46.305679
882.861328	-45.749191
888.244629	-44.982639
893.627930	-44.319920
899.011230	-44.000660
904.394531	-45.031235
909.777832	-45.366116
915.161133	-45.245010
920.544434	-46.316788
925.927734	-46.406937
931.311035	-44.273830
936.694336	-42.544353
942.077637	-42.117424
947.460938	-42.070171
952.844238	-42.555843
958.227539	-43.443176
963.610840	-42.939800
968.994141	-42.777050
974.377441	-44.587502
979.760742	-46.764790
985.144043	-48.229183
990.527344	-48.927784
995.910645	-48.772533
1001.293945	-50.198807
1006.677246	-52.840023
1012.060547	-53.341999
1017.443848	-53.074818
1022.827148	-52.327682
1028.210449	-50.661758
1033.593750	-48.187317
1038.977051	-46.305897
1044.360352	-45.640636
1049.743652	-44.904533
1055.126953	-44.118858
1060.510254	-43.562511
1065.893555	-43.367870
1071.276855	-42.798489
1076.660156	-41.849789
1082.043457	-41.631447
1087.426758	-43.077919
1092.810059	-44.552097
1098.193359	-44.507530
1103.576660	-46.154213
1108.959961	-50.305496
1114.343262	-56.698006
1119.726562	-58.069298
1125.109863	-55.594982
1130.493164	-54.933212
1135.876465	-54.737743
1141.259766	-54.405277
1146.643066	-53.403111
1152.026367	-50.976391
1157.409668	-48.598900
1162.792969	-48.191269
1168.176270	-48.224751
1173.559570	-47.049870
1178.942871	-45.211544
1184.326172	-44.786167
1189.709473	-45.951698
1195.092773	-47.677334
1200.476074	-47.626095
1205.859375	-46.540352
1211.242676	-46.551514
1216.625977	-46.791485
1222.009277	-46.345131
1227.392578	-45.330906
1232.775879	-44.783249
1238.159180	-45.069542
1243.542480	-44.698460
1248.925781	-43.883858
1254.309082	-44.097446
1259.692383	-44.522949
1265.075684	-44.866947
1270.458984	-44.644905
1275.842285	-44.047070
1281.225586	-44.867088
1286.608887	-46.979988
1291.992188	-45.878296
1297.375488	-44.566280
1302.758789	-45.060905
1308.142090	-46.391525
1313.525391	-46.673496
1318.908691	-45.708263
1324.291992	-45.728832
1329.675293	-46.182011
1335.058594	-44.466549
1340.441895	-42.079117
1345.825195	-40.442562
1351.208496	-40.142712
1356.591797	-41.134411
1361.975098	-42.032471
1367.358398	-41.584553
1372.741699	-41.745247
1378.125000	-42.084637
1383.508301	-41.359222
1388.891602	-40.893368
1394.274902	-41.779919
1399.658203	-41.969711
1405.041504	-41.260612
1410.424805	-41.128677
1415.808105	-41.759457
1421.191406	-42.467079
1426.574707	-42.079887
1431.958008	-40.996983
1437.341309	-40.803616
1442.724609	-40.484581
1448.107910	-39.839905
1453.491211	-39.841667
1458.874512	-39.653400
1464.257812	-38.928192
1469.641113	-37.622738
1475.024414	-37.296741
1480.407715	-37.859802
1485.791016	-37.767204
1491.174316	-37.302769
1496.557617	-38.004265
1501.940918	-38.494038
1507.324219	-38.396706
1512.707520	-38.804939
1518.090820	-38.826878
1523.474121	-37.789928
1528.857422	-37.355865
1534.240723	-37.433128
1539.624023	-37.089081
1545.007324	-36.477634
1550.390625	-35.667171
1555.773926	-35.158932
1561.157227	-34.884617
1566.540527	-34.774696
1571.923828	-35.628624
1577.307129	-37.047974
1582.690430	-37.733681
1588.073730	-37.308640
1593.457031	-36.793327
1598.840332	-37.233337
1604.223633	-38.187439
1609.606934	-37.959694
1614.990234	-37.015633
1620.373535	-35.714256
1625.756836	-34.538723
1631.140137	-34.083138
1636.523438	-34.321144
1641.906738	-34.657280
1647.290039	-35.132889
1652.673340	-35.414795
1658.056641	-35.422230
1663.439941	-35.975094
1668.823242	-36.506630
1674.206543	-36.413406
1679.589844	-35.952831
1684.973145	-36.013687
1690.356445	-36.635014
1695.739746	-36.578251
1701.123047	-36.202427
1706.506348	-35.618942
1711.889648	-35.926262
1717.272949	-36.926186
1722.656250	-37.801472
1728.039551	-37.428051
1733.422852	-36.960636
1738.806152	-37.225292
1744.189453	-37.062954
1749.572754	-37.327019
1754.956055	-37.371845
1760.339355	-36.540714
1765.722656	-36.185364
1771.105957	-36.022064
1776.489258	-35.887962
1781.872559	-36.041027
1787.255859	-35.937218
1792.639160	-35.949261
1798.022461	-36.184357
1803.405762	-36.593449
1808.789062	-36.681335
1814.172363	-36.917160
1819.555664	-37.475891
1824.938965	-37.772415
1830.322266	-36.893536
1835.705566	-35.861633
1841.088867	-35.713501
1846.472168	-35.875355
1851.855469	-35.867786
1857.238770	-35.515846
1862.622070	-34.957424
1868.005371	-33.783318
1873.388672	-32.841343
1878.771973	-32.799316
1884.155273	-33.140621
1889.538574	-33.396660
1894.921875	-33.803150
1900.305176	-34.132332
1905.688477	-34.230564
1911.071777	-34.336040
1916.455078	-33.742714
1921.838379	-33.709160
1927.221680	-34.882912
1932.604980	-35.611202
1937.988281	-35.910435
1943.371582	-36.907734
1948.754883	-37.540268
1954.138184	-36.624092
1959.521484	-35.366329
1964.904785	-34.901054
1970.288086	-34.927677
1975.671387	-34.661407
1981.054688	-33.928669
1986.437988	-33.381176
1991.821289	-33.303123
1997.204590	-33.236813
2002.587891	-33.004131
2007.971191	-33.221077
2013.354492	-33.363625
2018.737793	-34.195709
2024.121094	-35.509548
2029.504395	-34.916359
2034.887695	-34.202808
2040.270996	-34.243126
2045.654297	-34.429695
2051.037598	-34.729008
2056.420898	-34.998596
2061.804199	-35.014515
2067.187500	-35.205807
2072.570801	-35.419453
2077.954102	-36.328865
2083.337402	-37.202160
2088.720703	-37.331455
2094.104004	-37.080833
2099.487305	-36.693214
2104.870605	-36.498684
2110.253906	-36.347210
2115.637207	-35.756020
2121.020508	-35.281033
2126.403809	-34.343983
2131.787109	-34.336704
2137.170410	-34.977158
2142.553711	-35.108704
2147.937012	-34.037464
2153.320312	-33.285778
2158.703613	-33.420696
2164.086914	-33.692215
2169.470215	-34.231903
2174.853516	-35.540131
2180.236816	-35.433956
2185.620117	-34.938190
2191.003418	-35.348667
2196.386719	-35.762577
2201.770020	-35.188786
2207.153320	-34.831017
2212.536621	-34.543251
2217.919922	-34.876766
2223.303223	-35.408096
2228.686523	-35.473186
2234.069824	-35.657177
2239.453125	-35.912827
2244.836426	-35.584930
2250.219727	-35.093903
2255.603027	-34.569572
2260.986328	-33.326057
2266.369629	-32.624928
2271.752930	-32.543552
2277.136230	-32.998215
2282.519531	-33.553959
2287.902832	-33.795292
2293.286133	-33.782986
2298.669434	-34.375381
2304.052734	-34.997246
2309.436035	-34.416737
2314.819336	-33.731731
2320.202637	-34.729210
2325.585938	-35.505478
2330.969238	-35.568081
2336.352539	-35.461823
2341.735840	-35.261791
2347.119141	-34.885731
2352.502441	-35.478012
2357.885742	-36.622265
2363.269043	-36.263939
2368.652344	-35.937519
2374.035645	-36.501812
2379.418945	-37.943901
2384.802246	-38.376225
2390.185547	-37.411953
2395.568848	-36.883026
2400.952148	-36.536469
2406.335449	-36.125248
2411.718750	-35.853661
2417.102051	-35.706722
2422.485352	-35.406174
2427.868652	-34.576580
2433.251953	-33.507889
2438.635254	-33.105003
2444.018555	-33.178135
2449.401855	-33.268009
2454.785156	-33.177933
2460.168457	-32.996361
2465.551758	-32.812824
2470.935059	-32.451488
2476.318359	-32.138271
2481.701660	-32.441288
2487.084961	-33.221542
2492.468262	-34.061882
2497.851562	-35.047642
2503.234863	-35.773865
2508.618164	-35.923862
2514.001465	-34.896626
2519.384766	-34.431789
2524.768066	-35.728123
2530.151367	-37.874916
2535.534668	-37.845600
2540.917969	-37.324852
2546.301270	-37.465240
2551.684570	-37.588623
2557.067871	-37.445190
2562.451172	-36.329159
2567.834473	-34.729069
2573.217773	-34.458408
2578.601074	-35.130142
2583.984375	-34.945805
2589.367676	-33.780277
2594.750977	-32.804577
2600.134277	-32.415836
2605.517578	-33.220886
2610.900879	-34.593391
2616.284180	-35.207672
2621.667480	-35.353539
2627.050781	-34.157108
2632.434082	-33.239914
2637.817383	-32.993523
2643.200684	-32.991894
2648.583984	-34.040947
2653.967285	-34.501434
2659.350586	-34.803493
2664.733887	-35.308926
2670.117188	-34.752930
2675.500488	-33.318382
2680.883789	-32.586361
2686.267090	-32.637642
2691.650391	-33.243874
2697.033691	-33.724907
2702.416992	-33.958088
2707.800293	-34.143623
2713.183594	-34.499897
2718.566895	-34.835186
2723.950195	-33.700203
2729.333496	-32.385620
2734.716797	-32.060535
2740.100098	-32.086475
2745.483398	-31.832510
2750.866699	-32.448433
2756.250000	-32.698555
2761.633301	-32.680626
2767.016602	-32.500729
2772.399902	-32.374443
2777.783203	-31.730610
2783.166504	-31.191835
2788.549805	-31.044518
2793.933105	-30.634527
2799.316406	-30.622356
2804.699707	-31.237379
2810.083008	-31.601301
2815.466309	-32.368401
2820.849609	-32.943130
2826.232910	-31.963297
2831.616211	-31.232594
2836.999512	-30.918926
2842.382812	-30.680790
2847.766113	-31.020601
2853.149414	-32.288647
2858.532715	-32.810364
2863.916016	-32.690430
2869.299316	-33.128067
2874.682617	-32.877319
2880.065918	-31.625193
2885.449219	-30.292751
2890.832520	-29.431787
2896.215820	-29.207939
2901.599121	-29.206116
2906.982422	-29.408243
2912.365723	-29.868519
2917.749023	-29.659615
2923.132324	-29.447874
2928.515625	-29.151224
2933.898926	-28.975460
2939.282227	-28.691565
2944.665527	-28.220840
2950.048828	-28.640526
2955.432129	-30.099283
2960.815430	-31.272758
2966.198730	-31.594261
2971.582031	-31.464340
2976.965332	-30.782568
2982.348633	-30.412373
2987.731934	-30.644417
2993.115234	-30.447010
2998.498535	-30.609631
3003.881836	-31.119408
3009.265137	-31.145510
3014.648438	-31.021475
3020.031738	-30.650860
3025.415039	-30.781370
3030.798340	-30.463736
3036.181641	-29.904182
3041.564941	-29.962137
3046.948242	-30.020231
3052.331543	-29.997051
3057.714844	-29.328527
3063.098145	-28.730143
3068.481445	-28.871655
3073.864746	-29.338442
3079.248047	-29.386745
3084.631348	-29.258223
3090.014648	-29.577068
3095.397949	-29.701365
3100.781250	-30.468172
3106.164551	-31.186005
3111.547852	-30.899189
3116.931152	-30.540438
3122.314453	-30.483738
3127.697754	-30.811457
3133.081055	-31.123295
3138.464355	-31.482067
3143.847656	-31.687956
3149.230957	-31.631695
3154.614258	-31.448757
3159.997559	-31.425074
3165.380859	-31.784361
3170.764160	-31.701904
3176.147461	-31.468540
3181.530762	-31.183119
3186.914062	-30.164082
3192.297363	-29.393927
3197.680664	-29.723030
3203.063965	-30.816980
3208.447266	-30.627028
3213.830566	-29.634623
3219.213867	-29.462181
3224.597168	-29.721161
3229.980469	-30.264544
3235.363770	-31.294931
3240.747070	-31.460257
3246.130371	-30.905560
3251.513672	-30.940802
3256.896973	-30.842569
3262.280273	-29.847530
3267.663574	-29.469593
3273.046875	-30.077829
3278.430176	-30.319571
3283.813477	-29.434351
3289.196777	-29.633654
3294.580078	-30.183849
3299.963379	-30.729403
3305.346680	-32.151306
3310.729980	-32.501583
3316.113281	-31.674978
3321.496582	-31.863121
3326.879883	-32.797546
3332.263184	-33.283100
3337.646484	-33.101257
3343.029785	-33.526516
3348.413086	-33.982399
3353.796387	-33.844433
3359.179688	-33.581951
3364.562988	-33.174587
3369.946289	-32.243011
3375.329590	-31.342253
3380.712891	-30.846840
3386.096191	-30.737312
3391.479492	-31.525724
3396.862793	-32.410873
3402.246094	-32.098301
3407.629395	-31.925768
3413.012695	-32.795074
3418.395996	-34.068954
3423.779297	-33.601017
3429.162598	-32.766602
3434.545898	-32.614056
3439.929199	-32.750042
3445.312500	-33.189373
3450.695801	-34.214703
3456.079102	-36.085747
3461.462402	-36.149845
3466.845703	-34.486858
3472.229004	-33.653870
3477.612305	-33.637978
3482.995605	-33.966740
3488.378906	-33.497887
3493.762207	-32.234604
3499.145508	-32.036617
3504.528809	-32.552338
3509.912109	-32.572525
3515.295410	-32.898354
3520.678711	-33.744453
3526.062012	-33.418598
3531.445312	-32.562233
3536.828613	-32.762463
3542.211914	-34.153126
3547.595215	-34.609146
3552.978516	-33.013020
3558.361816	-32.769154
3563.745117	-34.254288
3569.128418	-36.359310
3574.511719	-37.178841
3579.895020	-36.761341
3585.278320	-36.546516
3590.661621	-37.236492
3596.044922	-36.572811
3601.428223	-34.158947
3606.811523	-32.974346
3612.194824	-32.632362
3617.578125	-32.758232
3622.961426	-33.596695
3628.344727	-34.857811
3633.728027	-34.877159
3639.111328	-33.989998
3644.494629	-32.542667
3649.877930	-31.207922
3655.261230	-30.739786
3660.644531	-31.298033
3666.027832	-32.554115
3671.411133	-32.618511
3676.794434	-32.359219
3682.177734	-33.327759
3687.561035	-33.197815
3692.944336	-32.632820
3698.327637	-32.814865
3703.710938	-33.041470
3709.094238	-32.725742
3714.477539	-31.636803
3719.860840	-30.973270
3725.244141	-31.429157
3730.627441	-31.904560
3736.010742	-31.601524
3741.394043	-31.697924
3746.777344	-31.983154
3752.160645	-31.727787
3757.543945	-31.881195
3762.927246	-32.559517
3768.310547	-32.758312
3773.693848	-32.667877
3779.077148	-32.963055
3784.460449	-33.399300
3789.843750	-33.682640
3795.227051	-33.853207
3800.610352	-33.592003
3805.993652	-32.414719
3811.376953	-31.681633
3816.760254	-32.197693
3822.143555	-33.363110
3827.526855	-33.179008
3832.910156	-32.932655
3838.293457	-32.804478
3843.676758	-32.009861
3849.060059	-31.593136
3854.443359	-31.605967
3859.826660	-30.433588
3865.209961	-29.019934
3870.593262	-28.819372
3875.976562	-29.397554
3881.359863	-29.607750
3886.743164	-30.122684
3892.126465	-31.382988
3897.509766	-32.363071
3902.893066	-32.654934
3908.276367	-33.684937
3913.659668	-33.947575
3919.042969	-33.498859
3924.426270	-34.104595
3929.809570	-34.684731
3935.192871	-33.952297
3940.576172	-33.250725
3945.959473	-33.221504
3951.342773	-32.786438
3956.726074	-31.695265
3962.109375	-30.910608
3967.492676	-29.658880
3972.875977	-29.333441
3978.259277	-30.381067
3983.642578	-31.859013
3989.025879	-32.321594
3994.409180	-32.123405
3999.792480	-32.206093
4005.175781	-32.961678
4010.559082	-33.570282
4015.942383	-32.781902
4021.325684	-32.087025
4026.708984	-31.468607
4032.092285	-31.543756
4037.475586	-32.757248
4042.858887	-33.691219
4048.242188	-33.980801
4053.625488	-34.190304
4059.008789	-32.932785
4064.392090	-32.122734
4069.775391	-31.508608
4075.158691	-31.605808
4080.541992	-32.149464
4085.925293	-32.361626
4091.308594	-32.738197
4096.691895	-32.809631
4102.075195	-32.435230
4107.458496	-31.802921
4112.841797	-31.626625
4118.225098	-31.943684
4123.608398	-31.608856
4128.991699	-31.360407
4134.375000	-31.289047
4139.758301	-31.052382
4145.141602	-31.665180
4150.524902	-32.178471
4155.908203	-32.467495
4161.291504	-32.908607
4166.674805	-32.291214
4172.058105	-31.880812
4177.441406	-31.864817
4182.824707	-31.861242
4188.208008	-31.305204
4193.591309	-30.583656
4198.974609	-30.191154
4204.357910	-29.770411
4209.741211	-29.565630
4215.124512	-29.741385
4220.507812	-30.745653
4225.891113	-31.616468
4231.274414	-31.953682
4236.657715	-31.810774
4242.041016	-31.894983
4247.424316	-32.438843
4252.807617	-32.747185
4258.190918	-32.781345
4263.574219	-33.188400
4268.957520	-33.681622
4274.340820	-34.131371
4279.724121	-34.169434
4285.107422	-33.246838
4290.490723	-32.295403
4295.874023	-32.317684
4301.257324	-32.504189
4306.640625	-32.390961
4312.023926	-31.970757
4317.407227	-31.630548
4322.790527	-32.109650
4328.173828	-32.792656
4333.557129	-33.298496
4338.940430	-34.216927
4344.323730	-35.090073
4349.707031	-34.926109
4355.090332	-34.198650
4360.473633	-33.224991
4365.856934	-32.383114
4371.240234	-32.572319
4376.623535	-33.389214
4382.006836	-33.874516
4387.390137	-33.769852
4392.773438	-34.166557
4398.156738	-34.300144
4403.540039	-33.689861
4408.923340	-33.971828
4414.306641	-34.215130
4419.689941	-34.676861
4425.073242	-35.248615
4430.456543	-35.273140
4435.839844	-34.997646
4441.223145	-33.944969
4446.606445	-32.713387
4451.989746	-32.691463
4457.373047	-33.669250
4462.756348	-34.462837
4468.139648	-34.968147
4473.522949	-35.076244
4478.906250	-34.894951
4484.289551	-35.404030
4489.672852	-36.157955
4495.056152	-35.936886
4500.439453	-35.607273
4505.822754	-35.595787
4511.206055	-35.213341
4516.589355	-34.303406
4521.972656	-34.035091
4527.355957	-34.458237
4532.739258	-35.216747
4538.122559	-35.775997
4543.505859	-34.898865
4548.889160	-34.092098
4554.272461	-33.871948
4559.655762	-34.067127
4565.039062	-34.590187
4570.422363	-34.813000
4575.805664	-35.025993
4581.188965	-35.266621
4586.572266	-34.789268
4591.955566	-34.892075
4597.338867	-35.721470
4602.722168	-36.007355
4608.105469	-35.618736
4613.488770	-34.590351
4618.872070	-34.289307
4624.255371	-34.104614
4629.638672	-34.169151
4635.021973	-34.869976
4640.405273	-35.594597
4645.788574	-36.023479
4651.171875	-35.824364
4656.555176	-35.161392
4661.938477	-35.220421
4667.321777	-35.415398
4672.705078	-35.597137
4678.088379	-36.198227
4683.471680	-36.136349
4688.854980	-35.664665
4694.238281	-35.172329
4699.621582	-34.652073
4705.004883	-34.606342
4710.388184	-34.833511
4715.771484	-34.396774
4721.154785	-34.249725
4726.538086	-34.655174
4731.921387	-34.917141
4737.304688	-35.173374
4742.687988	-35.692810
4748.071289	-36.205254
4753.454590	-37.003162
4758.837891	-37.918438
4764.221191	-37.384354
4769.604492	-36.323692
4774.987793	-35.560917
4780.371094	-35.215179
4785.754395	-34.552647
4791.137695	-34.385872
4796.520996	-34.757923
4801.904297	-34.849667
4807.287598	-35.073586
4812.670898	-34.844784
4818.054199	-33.896614
4823.437500	-33.475334
4828.820801	-33.898308
4834.204102	-34.754395
4839.587402	-35.805141
4844.970703	-36.594170
4850.354004	-36.526505
4855.737305	-36.270172
4861.120605	-36.399704
4866.503906	-36.515312
4871.887207	-36.405094
4877.270508	-36.367855
4882.653809	-36.250042
4888.037109	-36.267738
4893.420410	-37.094646
4898.803711	-37.795147
4904.187012	-37.950161
4909.570312	-37.141949
4914.953613	-35.958031
4920.336914	-35.876694
4925.720215	-36.165821
4931.103516	-35.696125
4936.486816	-35.411846
4941.870117	-35.012169
4947.253418	-34.705036
4952.636719	-34.934208
4958.020020	-35.451939
4963.403320	-35.262321
4968.786621	-34.447552
4974.169922	-35.130432
4979.553223	-36.347542
4984.936523	-36.188564
4990.319824	-35.898037
4995.703125	-35.981667
5001.086426	-37.022469
5006.469727	-38.284889
5011.853027	-38.173393
5017.236328	-37.889992
5022.619629	-37.109627
5028.002930	-36.226292
5033.386230	-36.030094
5038.769531	-36.781635
5044.152832	-37.757023
5049.536133	-37.847366
5054.919434	-37.275013
5060.302734	-36.556793
5065.686035	-36.696419
5071.069336	-37.376221
5076.452637	-37.675049
5081.835938	-37.676014
5087.219238	-38.001465
5092.602539	-38.307594
5097.985840	-38.678665
5103.369141	-39.102291
5108.752441	-39.033844
5114.135742	-38.822311
5119.519043	-38.381310
5124.902344	-38.164722
5130.285645	-37.942894
5135.668945	-37.657127
5141.052246	-37.442635
5146.435547	-37.005169
5151.818848	-36.485706
5157.202148	-36.078098
5162.585449	-35.822483
5167.968750	-35.479198
5173.352051	-35.556072
5178.735352	-35.984554
5184.118652	-36.481075
5189.501953	-36.930145
5194.885254	-37.645962
5200.268555	-38.346004
5205.651855	-38.761513
5211.035156	-38.490391
5216.418457	-38.669685
5221.801758	-39.395775
5227.185059	-38.947701
5232.568359	-38.812805
5237.951660	-39.997402
5243.334961	-41.316959
5248.718262	-41.977783
5254.101562	-41.451920
5259.484863	-41.251537
5264.868164	-41.579121
5270.251465	-41.317036
5275.634766	-41.067543
5281.018066	-41.830742
5286.401367	-42.897446
5291.784668	-43.341011
5297.167969	-42.856934
5302.551270	-42.362148
5307.934570	-41.507298
5313.317871	-41.347900
5318.701172	-42.148529
5324.084473	-43.060944
5329.467773	-43.208698
5334.851074	-42.364357
5340.234375	-41.942020
5345.617676	-41.818558
5351.000977	-41.292740
5356.384277	-40.584408
5361.767578	-40.952911
5367.150879	-42.235802
5372.534180	-42.236710
5377.917480	-41.708687
5383.300781	-41.873711
5388.684082	-41.500679
5394.067383	-41.307720
5399.450684	-41.787857
5404.833984	-42.296055
5410.217285	-41.417599
5415.600586	-40.772839
5420.983887	-41.114033
5426.367188	-41.837547
5431.750488	-42.124371
5437.133789	-42.337437
5442.517090	-42.985352
5447.900391	-43.251530
5453.283691	-43.905701
5458.666992	-44.477386
5464.050293	-44.718063
5469.433594	-45.073200
5474.816895	-45.751778
5480.200195	-46.871929
5485.583496	-47.688484
5490.966797	-47.819641
5496.350098	-47.870937
5501.733398	-47.031376
5507.116699	-46.501106
5512.500000	-46.584774
5517.883301	-46.625740
5523.266602	-46.077103
5528.649902	-45.942043
5534.033203	-46.321735
5539.416504	-46.351761
5544.799805	-46.185356
5550.183105	-46.640442
5555.566406	-47.543659
5560.949707	-47.668503
5566.333008	-47.464321
5571.716309	-46.407280
5577.099609	-45.350292
5582.482910	-45.145542
5587.866211	-45.331623
5593.249512	-45.480019
5598.632812	-45.240894
5604.016113	-44.469185
5609.399414	-44.124622
5614.782715	-45.104225
5620.166016	-46.961250
5625.549316	-48.889992
5630.932617	-50.026012
5636.315918	-50.961674
5641.699219	-51.525146
5647.082520	-51.015457
5652.465820	-50.748825
5657.849121	-51.272953
5663.232422	-51.693356
5668.615723	-51.115837
5673.999023	-50.825798
5679.382324	-50.724808
5684.765625	-50.005665
5690.148926	-49.275253
5695.532227	-49.089344
5700.915527	-48.992867
5706.298828	-49.161427
5711.682129	-49.219376
5717.065430	-48.153099
5722.448730	-46.953983
5727.832031	-46.016098
5733.215332	-45.186863
5738.598633	-44.765003
5743.981934	-45.614834
5749.365234	-46.241341
5754.748535	-46.144215
5760.131836	-46.654186
5765.515137	-47.121342
5770.898438	-47.319839
5776.281738	-47.169044
5781.665039	-47.402412
5787.048340	-48.644085
5792.431641	-49.988514
5797.814941	-50.741138
5803.198242	-50.878765
5808.581543	-50.831902
5813.964844	-51.163143
5819.348145	-52.525463
5824.731445	-54.292473
5830.114746	-53.675594
5835.498047	-51.062428
5840.881348	-49.369705
5846.264648	-49.854630
5851.647949	-51.311726
5857.031250	-50.929317
5862.414551	-49.816807
5867.797852	-49.470222
5873.181152	-49.434055
5878.564453	-48.987171
5883.947754	-48.686840
5889.331055	-48.799179
5894.714355	-48.464714
5900.097656	-47.830532
5905.480957	-46.931911
5910.864258	-46.200516
5916.247559	-45.822453
5921.630859	-45.227413
5927.014160	-44.777325
5932.397461	-45.540546
5937.780762	-46.266655
5943.164062	-47.038403
5948.547363	-48.481487
5953.930664	-49.432091
5959.313965	-50.607628
5964.697266	-52.051334
5970.080566	-52.173328
5975.463867	-50.954590
5980.847168	-49.356380
5986.230469	-48.663483
5991.613770	-49.101585
5996.997070	-49.410835
6002.380371	-49.062092
6007.763672	-49.027023
6013.146973	-49.311081
6018.530273	-48.700439
6023.913574	-47.592285
6029.296875	-47.209396
6034.680176	-46.306499
6040.063477	-44.904255
6045.446777	-44.350700
6050.830078	-44.880283
6056.213379	-45.467716
6061.596680	-45.176254
6066.979980	-45.130058
6072.363281	-45.376896
6077.746582	-45.161316
6083.129883	-44.125179
6088.513184	-43.736736
6093.896484	-44.411976
6099.279785	-45.337616
6104.663086	-46.201305
6110.046387	-46.834408
6115.429688	-47.248264
6120.812988	-47.226746
6126.196289	-46.774998
6131.579590	-45.823452
6136.962891	-45.386543
6142.346191	-46.275459
6147.729492	-46.987598
6153.112793	-45.700462
6158.496094	-45.000095
6163.879395	-44.755074
6169.262695	-44.793636
6174.645996	-44.640759
6180.029297	-44.227966
6185.412598	-43.762691
6190.795898	-42.640362
6196.179199	-42.382107
6201.562500	-43.289078
6206.945801	-43.609329
6212.329102	-43.265636
6217.712402	-43.231670
6223.095703	-43.238503
6228.479004	-43.498417
6233.862305	-44.300037
6239.245605	-44.737267
6244.628906	-45.126007
6250.012207	-45.733913
6255.395508	-46.577713
6260.778809	-46.140007
6266.162109	-45.572426
6271.545410	-45.596779
6276.928711	-45.180710
6282.312012	-44.522705
6287.695312	-44.061859
6293.078613	-44.207603
6298.461914	-45.063820
6303.845215	-45.705532
6309.228516	-45.954407
6314.611816	-44.671501
6319.995117	-42.798019
6325.378418	-41.743572
6330.761719	-41.594707
6336.145020	-40.696915
6341.528320	-40.156086
6346.911621	-40.746243
6352.294922	-41.387653
6357.678223	-41.478329
6363.061523	-42.008568
6368.444824	-42.840553
6373.828125	-43.192451
6379.211426	-43.117470
6384.594727	-42.161869
6389.978027	-42.423615
6395.361328	-42.915436
6400.744629	-42.597763
6406.127930	-42.453918
6411.511230	-42.506302
6416.894531	-43.566689
6422.277832	-45.100288
6427.661133	-45.634632
6433.044434	-45.173355
6438.427734	-44.200623
6443.811035	-42.882187
6449.194336	-41.538097
6454.577637	-40.566643
6459.960938	-40.261898
6465.344238	-41.090466
6470.727539	-42.394371
6476.110840	-42.562138
6481.494141	-42.329239
6486.877441	-41.863583
6492.260742	-42.151684
6497.644043	-42.562866
6503.027344	-42.666042
6508.410645	-41.976341
6513.793945	-41.223438
6519.177246	-40.328907
6524.560547	-40.629299
6529.943848	-41.789764
6535.327148	-42.766361
6540.710449	-43.671017
6546.093750	-44.338108
6551.477051	-44.524624
6556.860352	-45.197689
6562.243652	-45.579662
6567.626953	-45.060936
6573.010254	-45.298916
6578.393555	-46.102478
6583.776855	-45.544357
6589.160156	-45.125362
6594.543457	-44.655689
6599.926758	-44.487579
6605.310059	-44.687737
6610.693359	-43.580181
6616.076660	-42.333839
6621.459961	-41.829842
6626.843262	-41.935322
6632.226562	-41.569031
6637.609863	-40.881809
6642.993164	-41.226440
6648.376465	-41.624588
6653.759766	-41.913464
6659.143066	-41.910873
6664.526367	-41.614761
6669.909668	-41.937038
6675.292969	-42.300144
6680.676270	-42.725365
6686.059570	-43.163433
6691.442871	-43.380375
6696.826172	-43.267456
6702.209473	-43.273140
6707.592773	-42.755096
6712.976074	-41.998421
6718.359375	-42.646992
6723.742676	-44.123867
6729.125977	-43.708004
6734.509277	-44.228333
6739.892578	-45.110428
6745.275879	-44.173470
6750.659180	-44.318272
6756.042480	-45.029816
6761.425781	-44.884876
6766.809082	-42.978008
6772.192383	-41.586174
6777.575684	-41.478939
6782.958984	-42.131222
6788.342285	-42.735901
6793.725586	-42.608196
6799.108887	-41.623783
6804.492188	-40.367764
6809.875488	-40.110657
6815.258789	-40.380459
6820.642090	-40.204464
6826.025391	-40.450909
6831.408691	-40.752163
6836.791992	-40.421047
6842.175293	-40.585129
6847.558594	-41.038567
6852.941895	-41.388996
6858.325195	-42.073303
6863.708496	-43.413445
6869.091797	-44.826313
6874.475098	-44.734550
6879.858398	-44.391846
6885.241699	-43.447117
6890.625000	-42.710384
6896.008301	-42.411518
6901.391602	-42.450787
6906.774902	-43.303516
6912.158203	-43.587147
6917.541504	-42.423950
6922.924805	-41.741085
6928.308105	-41.688522
6933.691406	-41.396954
6939.074707	-41.315117
6944.458008	-41.406982
6949.841309	-41.321301
6955.224609	-41.555233
6960.607910	-41.756584
6965.991211	-42.359192
6971.374512	-42.910881
6976.757812	-42.778622
6982.141113	-42.621185
6987.524414	-42.675724
6992.907715	-43.726852
6998.291016	-44.400871
7003.674316	-44.760590
7009.057617	-45.175858
7014.440918	-45.791431
7019.824219	-46.357613
7025.207520	-46.329617
7030.590820	-45.499588
7035.974121	-44.203907
7041.357422	-43.622658
7046.740723	-43.599026
7052.124023	-43.081989
7057.507324	-42.141514
7062.890625	-42.422665
7068.273926	-43.345810
7073.657227	-43.247066
7079.040527	-42.702492
7084.423828	-43.467690
7089.807129	-43.769577
7095.190430	-43.017883
7100.573730	-43.016125
7105.957031	-43.465832
7111.340332	-44.087799
7116.723633	-44.856155
7122.106934	-45.830032
7127.490234	-46.054142
7132.873535	-45.118729
7138.256836	-44.309868
7143.640137	-43.524662
7149.023438	-42.758110
7154.406738	-42.879574
7159.790039	-43.325565
7165.173340	-44.609062
7170.556641	-46.023266
7175.939941	-46.602066
7181.323242	-45.981220
7186.706543	-45.688984
7192.089844	-45.575645
7197.473145	-45.720272
7202.856445	-46.003723
7208.239746	-46.481655
7213.623047	-47.070202
7219.006348	-47.716904
7224.389648	-47.566074
7229.772949	-46.765255
7235.156250	-45.731815
7240.539551	-44.699245
7245.922852	-43.722679
7251.306152	-42.830906
7256.689453	-42.529099
7262.072754	-42.929577
7267.456055	-43.386497
7272.839355	-44.066345
7278.222656	-44.557533
7283.605957	-44.039284
7288.989258	-42.499001
7294.372559	-41.414951
7299.755859	-41.312748
7305.139160	-42.174381
7310.522461	-43.316963
7315.905762	-44.109665
7321.289062	-44.746361
7326.672363	-45.534168
7332.055664	-46.551361
7337.438965	-47.568218
7342.822266	-48.147709
7348.205566	-49.151432
7353.588867	-49.088158
7358.972168	-47.168667
7364.355469	-46.081432
7369.738770	-46.051445
7375.122070	-46.987339
7380.505371	-47.750576
7385.888672	-46.515335
7391.271973	-45.778179
7396.655273	-45.176918
7402.038574	-44.252224
7407.421875	-44.501789
7412.805176	-45.152039
7418.188477	-44.566174
7423.571777	-44.024845
7428.955078	-44.913845
7434.338379	-46.249218
7439.721680	-46.434959
7445.104980	-45.678307
7450.488281	-44.893120
7455.871582	-43.952702
7461.254883	-42.485203
7466.638184	-41.963161
7472.021484	-42.595909
7477.404785	-43.567036
7482.788086	-43.904499
7488.171387	-44.248051
7493.554688	-44.127743
7498.937988	-44.416897
7504.321289	-45.712788
7509.704590	-46.717823
7515.087891	-46.101685
7520.471191	-44.938171
7525.854492	-45.060646
7531.237793	-45.111000
7536.621094	-44.766193
7542.004395	-45.243332
7547.387695	-45.013531
7552.770996	-44.047455
7558.154297	-44.095612
7563.537598	-44.600147
7568.920898	-44.588505
7574.304199	-43.697933
7579.687500	-42.750175
7585.070801	-42.887005
7590.454102	-43.226719
7595.837402	-43.543571
7601.220703	-44.109745
7606.604004	-43.877861
7611.987305	-43.277302
7617.370605	-43.174618
7622.753906	-44.357719
7628.137207	-44.394882
7633.520508	-44.077534
7638.903809	-44.232254
7644.287109	-44.227905
7649.670410	-43.833130
7655.053711	-43.612358
7660.437012	-43.155880
7665.820312	-42.804401
7671.203613	-43.696217
7676.586914	-44.270840
7681.970215	-43.548775
7687.353516	-42.375141
7692.736816	-41.784454
7698.120117	-41.623466
7703.503418	-40.451866
7708.886719	-39.253571
7714.270020	-39.127277
7719.653320	-39.389301
7725.036621	-39.151131
7730.419922	-39.236977
7735.803223	-40.612469
7741.186523	-41.815193
7746.569824	-42.536160
7751.953125	-43.038765
7757.336426	-43.111233
7762.719727	-43.135712
7768.103027	-43.241039
7773.486328	-44.412987
7778.869629	-45.951641
7784.252930	-47.210983
7789.636230	-46.657608
7795.019531	-45.612068
7800.402832	-44.811790
7805.786133	-42.761478
7811.169434	-40.895863
7816.552734	-40.434338
7821.936035	-40.307026
7827.319336	-39.919895
7832.702637	-39.478718
7838.085938	-39.616261
7843.469238	-40.366760
7848.852539	-40.528511
7854.235840	-40.429886
7859.619141	-40.231827
7865.002441	-40.028408
7870.385742	-40.001244
7875.769043	-40.773396
7881.152344	-42.690159
7886.535645	-43.825279
7891.918945	-43.727665
7897.302246	-43.387039
7902.685547	-43.224255
7908.068848	-43.044441
7913.452148	-42.889523
7918.835449	-43.473289
7924.218750	-43.595051
7929.602051	-43.081394
7934.985352	-42.793823
7940.368652	-42.194660
7945.751953	-41.895344
7951.135254	-41.862629
7956.518555	-41.758533
7961.901855	-42.192146
7967.285156	-43.288578
7972.668457	-44.102612
7978.051758	-43.602459
7983.435059	-42.459061
7988.818359	-41.881741
7994.201660	-41.962788
7999.584961	-42.134007
8004.968262	-42.210876
8010.351562	-41.774979
8015.734863	-40.509754
8021.118164	-39.602943
8026.501465	-39.308914
8031.884766	-39.801987
8037.268066	-39.818195
8042.651367	-39.221897
8048.034668	-39.114532
8053.417969	-39.636021
8058.801270	-39.750050
8064.184570	-39.895771
8069.567871	-40.807415
8074.951172	-41.954182
8080.334473	-43.236286
8085.717773	-44.163422
8091.101074	-44.734898
8096.484375	-45.179260
8101.867676	-45.344532
8107.250977	-44.439209
8112.634277	-43.520351
8118.017578	-43.427258
8123.400879	-42.942715
8128.784180	-42.653732
8134.167480	-42.698208
8139.550781	-42.133793
8144.934082	-41.640282
8150.317383	-41.354092
8155.700684	-40.835503
8161.083984	-39.862198
8166.467285	-38.915749
8171.850586	-38.782387
8177.233887	-38.507763
8182.617188	-38.512886
8188.000488	-39.195927
8193.383789	-39.830360
8198.767090	-40.111317
8204.150391	-41.018044
8209.533691	-42.360073
8214.916992	-42.612198
8220.300293	-41.965492
8225.683594	-41.271873
8231.066895	-40.833641
8236.450195	-39.907757
8241.833496	-39.522984
8247.216797	-40.574490
8252.600098	-41.363014
8257.983398	-42.696228
8263.366699	-43.027832
8268.750000	-41.118954
8274.133301	-39.990208
8279.516602	-39.864017
8284.899902	-40.531456
8290.283203	-41.595982
8295.666504	-42.593784
8301.049805	-42.931934
8306.433105	-42.227451
8311.816406	-41.760223
8317.199707	-41.992138
8322.583008	-41.834602
8327.966309	-41.187523
8333.349609	-40.721859
8338.732910	-40.387962
8344.116211	-40.747082
8349.499512	-40.888081
8354.882812	-40.535206
8360.266113	-40.812191
8365.649414	-40.831650
8371.032715	-40.655334
8376.416016	-40.708340
8381.799316	-40.587734
8387.182617	-40.726646
8392.565918	-40.503559
8397.949219	-40.077599
8403.332520	-39.821011
8408.715820	-40.758163
8414.099121	-41.810242
8419.482422	-41.881481
8424.865723	-41.313053
8430.249023	-41.289101
8435.632324	-42.075287
8441.015625	-42.709862
8446.398926	-42.203072
8451.782227	-41.888161
8457.165527	-41.536137
8462.548828	-40.279762
8467.932129	-39.909229
8473.315430	-40.060581
8478.698730	-39.531971
8484.082031	-38.697815
8489.465332	-38.521671
8494.848633	-38.416027
8500.231934	-38.312714
8505.615234	-38.582386
8510.998535	-39.119404
8516.381836	-39.776749
8521.765137	-40.997532
8527.148438	-41.303673
8532.531738	-40.744793
8537.915039	-40.530403
8543.298340	-41.302956
8548.681641	-42.587151
8554.064941	-42.875919
8559.448242	-42.836639
8564.831543	-42.147022
8570.214844	-40.308617
8575.598145	-38.489491
8580.981445	-37.517490
8586.364746	-37.661922
8591.748047	-38.006752
8597.131348	-37.831890
8602.514648	-37.665894
8607.897949	-37.923992
8613.281250	-38.111038
8618.664551	-37.825050
8624.047852	-37.815571
8629.431152	-37.562328
8634.814453	-37.125275
8640.197754	-37.513100
8645.581055	-38.577927
8650.964355	-39.319748
8656.347656	-39.619450
8661.730957	-39.373878
8667.114258	-39.830105
8672.497559	-40.765625
8677.880859	-40.269836
8683.264160	-39.514523
8688.647461	-39.199383
8694.030762	-38.537128
8699.414062	-38.307457
8704.797363	-38.486073
8710.180664	-38.529556
8715.563965	-38.680622
8720.947266	-38.547138
8726.330566	-38.342041
8731.713867	-38.236858
8737.097168	-37.601395
8742.480469	-36.592514
8747.863770	-35.961151
8753.247070	-36.470081
8758.630371	-36.814667
8764.013672	-36.645226
8769.396973	-37.400887
8774.780273	-38.618774
8780.163574	-39.514313
8785.546875	-39.464912
8790.930176	-39.092205
8796.313477	-39.410259
8801.696777	-39.703644
8807.080078	-38.938114
8812.463379	-38.686985
8817.846680	-37.975227
8823.229980	-37.493153
8828.613281	-37.474030
8833.996582	-37.165073
8839.379883	-37.206539
8844.763184	-37.677399
8850.146484	-37.780170
8855.529785	-37.526913
8860.913086	-37.412739
8866.296387	-37.037838
8871.679688	-36.630299
8877.062988	-36.771824
8882.446289	-36.922489
8887.829590	-37.138519
8893.212891	-38.080601
8898.596191	-38.787865
8903.979492	-39.135632
8909.362793	-38.987518
8914.746094	-38.406384
8920.129395	-37.671844
8925.512695	-36.976650
8930.895996	-36.740051
8936.279297	-37.232517
8941.662598	-37.613869
8947.045898	-37.472290
8952.429199	-37.921494
8957.812500	-38.602711
8963.195801	-38.608994
8968.579102	-37.970398
8973.962402	-37.379234
8979.345703	-37.500153
8984.729004	-38.153553
8990.112305	-38.322872
8995.495605	-38.281353
9000.878906	-38.050011
9006.262207	-38.255905
9011.645508	-39.431015
9017.028809	-39.560513
9022.412109	-39.096210
9027.795410	-38.326130
9033.178711	-37.416027
9038.562012	-36.490746
9043.945312	-36.352112
9049.328613	-37.404343
9054.711914	-38.788052
9060.095215	-38.943199
9065.478516	-38.092796
9070.861816	-38.001835
9076.245117	-38.920998
9081.628418	-39.756935
9087.011719	-39.709354
9092.395020	-39.468014
9097.778320	-38.936523
9103.161621	-37.786041
9108.544922	-37.980484
9113.928223	-38.818672
9119.311523	-39.270374
9124.694824	-39.865608
9130.078125	-40.429619
9135.461426	-40.651737
9140.844727	-40.051552
9146.228027	-39.661804
9151.611328	-40.284473
9156.994629	-39.699043
9162.377930	-38.612934
9167.761230	-37.953400
9173.144531	-37.496380
9178.527832	-37.146889
9183.911133	-36.820114
9189.294434	-37.170567
9194.677734	-37.311012
9200.061035	-37.874313
9205.444336	-39.235310
9210.827637	-40.098679
9216.210938	-40.195309
9221.594238	-39.689877
9226.977539	-39.607918
9232.360840	-39.665768
9237.744141	-39.515770
9243.127441	-39.339321
9248.510742	-38.808674
9253.894043	-39.010513
9259.277344	-38.598354
9264.660645	-37.703461
9270.043945	-37.721142
9275.427246	-37.350681
9280.810547	-36.556477
9286.193848	-35.951145
9291.577148	-36.415096
9296.960449	-36.861771
9302.343750	-37.038937
9307.727051	-38.197380
9313.110352	-39.212265
9318.493652	-39.491570
9323.876953	-39.298889
9329.260254	-39.154285
9334.643555	-38.610100
9340.026855	-38.421318
9345.410156	-38.993988
9350.793457	-39.934746
9356.176758	-39.990864
9361.560059	-39.247932
9366.943359	-38.362602
9372.326660	-37.788960
9377.709961	-37.702919
9383.093262	-37.717213
9388.476562	-37.613987
9393.859863	-37.081783
9399.243164	-36.506596
9404.626465	-36.262608
9410.009766	-36.332779
9415.393066	-36.753494
9420.776367	-37.235180
9426.159668	-37.754547
9431.542969	-37.624359
9436.926270	-37.938599
9442.309570	-38.506630
9447.692871	-38.108578
9453.076172	-37.349113
9458.459473	-37.434940
9463.842773	-38.357483
9469.226074	-38.541512
9474.609375	-38.305851
9479.992676	-39.098248
9485.375977	-39.059475
9490.759277	-38.426464
9496.142578	-38.326679
9501.525879	-38.036221
9506.909180	-37.536724
9512.292480	-37.067165
9517.675781	-36.556332
9523.059082	-36.477501
9528.442383	-37.023449
9533.825684	-37.051678
9539.208984	-37.290627
9544.592285	-38.386940
9549.975586	-39.127205
9555.358887	-38.845997
9560.742188	-38.684471
9566.125488	-38.913853
9571.508789	-38.712334
9576.892090	-38.557343
9582.275391	-38.240730
9587.658691	-37.271065
9593.041992	-37.218136
9598.425293	-37.639114
9603.808594	-37.422424
9609.191895	-37.097420
9614.575195	-36.962597
9619.958496	-36.900902
9625.341797	-36.876274
9630.725098	-36.351170
9636.108398	-35.585808
9641.491699	-35.906715
9646.875000	-36.787445
9652.258301	-37.546852
9657.641602	-38.524536
9663.024902	-38.762043
9668.408203	-38.186138
9673.791504	-38.142822
9679.174805	-38.452026
9684.558105	-38.784103
9689.941406	-38.867897
9695.324707	-38.137779
9700.708008	-37.826202
9706.091309	-37.449669
9711.474609	-37.050671
9716.857910	-37.087780
9722.241211	-37.664040
9727.624512	-37.840061
9733.007812	-37.241749
9738.391113	-36.998016
9743.774414	-36.981041
9749.157715	-36.914806
9754.541016	-36.647617
9759.924316	-37.155739
9765.307617	-37.883736
9770.690918	-38.034298
9776.074219	-37.865261
9781.457520	-38.214920
9786.840820	-39.268093
9792.224121	-40.287701
9797.607422	-41.274811
9802.990723	-40.670944
9808.374023	-39.134937
9813.757324	-38.414593
9819.140625	-38.150661
9824.523926	-38.114227
9829.907227	-38.460396
9835.290527	-38.925064
9840.673828	-39.701626
9846.057129	-39.514641
9851.440430	-38.602219
9856.823730	-38.272411
9862.207031	-38.404980
9867.590332	-38.184410
9872.973633	-37.738918
9878.356934	-37.753712
9883.740234	-38.003529
9889.123535	-38.622856
9894.506836	-39.420895
9899.890137	-39.665947
9905.273438	-40.177643
9910.656738	-40.623646
9916.040039	-40.098724
9921.423340	-39.402332
9926.806641	-39.157772
9932.189941	-39.232494
9937.573242	-39.358269
9942.956543	-39.456989
9948.339844	-39.736435
9953.723145	-39.766708
9959.106445	-39.419724
9964.489746	-39.403114
9969.873047	-39.567986
9975.256348	-39.727814
9980.639648	-39.638351
9986.022949	-39.984886
9991.406250	-40.816319
9996.789551	-41.313282
10002.172852	-41.435135
10007.556152	-41.443275
10012.939453	-41.490311
10018.322754	-41.312389
10023.706055	-41.320503
10029.089355	-41.213543
10034.472656	-40.661839
10039.855957	-40.252037
10045.239258	-40.210606
10050.622559	-40.345406
10056.005859	-40.596462
10061.389160	-40.247467
10066.772461	-39.856174
10072.155762	-40.122700
10077.539062	-40.208649
10082.922363	-40.808113
10088.305664	-41.172390
10093.688965	-41.565388
10099.072266	-41.635242
10104.455566	-41.197941
10109.838867	-41.361156
10115.222168	-41.841160
10120.605469	-41.967449
10125.988770	-41.753372
10131.372070	-41.723183
10136.755371	-41.804836
10142.138672	-41.437561
10147.521973	-41.835537
10152.905273	-42.288868
10158.288574	-41.603970
10163.671875	-41.510765
10169.055176	-42.368603
10174.438477	-42.574516
10179.821777	-42.519020
10185.205078	-42.813004
10190.588379	-42.520161
10195.971680	-42.095776
10201.354980	-41.951439
10206.738281	-42.272083
10212.121582	-42.434803
10217.504883	-42.010777
10222.888184	-42.111294
10228.271484	-42.991863
10233.654785	-43.912395
10239.038086	-44.050880
10244.421387	-43.673431
10249.804688	-43.480232
10255.187988	-43.424854
10260.571289	-43.335991
10265.954590	-43.229584
10271.337891	-43.051064
10276.721191	-42.595245
10282.104492	-42.825199
10287.487793	-42.748825
10292.871094	-42.171585
10298.254395	-41.933022
10303.637695	-42.158527
10309.020996	-42.714951
10314.404297	-42.921917
10319.787598	-42.507900
10325.170898	-42.310448
10330.554199	-43.364006
10335.937500	-44.686779
10341.320801	-44.530827
10346.704102	-44.340668
10352.087402	-44.733929
10357.470703	-44.478794
10362.854004	-44.495518
10368.237305	-45.254742
10373.620605	-44.467213
10379.003906	-43.176594
10384.387207	-43.147835
10389.770508	-43.193958
10395.153809	-42.611130
10400.537109	-42.584068
10405.920410	-43.209396
10411.303711	-43.467129
10416.687012	-43.436588
10422.070312	-43.409920
10427.453613	-43.762203
10432.836914	-44.977818
10438.220215	-45.537285
10443.603516	-45.191452
10448.986816	-44.528156
10454.370117	-44.621071
10459.753418	-45.439186
10465.136719	-45.763119
10470.520020	-45.542336
10475.903320	-44.723488
10481.286621	-43.663216
10486.669922	-43.930748
10492.053223	-44.902798
10497.436523	-44.695831
10502.819824	-44.241100
10508.203125	-43.945827
10513.586426	-43.442677
10518.969727	-43.252098
10524.353027	-43.414108
10529.736328	-43.182888
10535.119629	-43.280109
10540.502930	-43.844284
10545.886230	-43.776741
10551.269531	-44.561760
10556.652832	-45.533478
10562.036133	-45.224316
10567.419434	-45.167233
10572.802734	-45.894497
10578.186035	-45.476299
10583.569336	-44.851974
10588.952637	-45.804836
10594.335938	-47.094883
10599.719238	-46.650711
10605.102539	-45.882805
10610.485840	-45.464756
10615.869141	-44.732792
10621.252441	-44.309906
10626.635742	-44.201706
10632.019043	-43.686134
10637.402344	-44.030754
10642.785645	-45.111015
10648.168945	-44.595768
10653.552246	-44.105995
10658.935547	-44.581234
10664.318848	-45.093410
10669.702148	-45.367611
10675.085449	-46.088100
10680.468750	-46.737904
10685.852051	-46.147858
10691.235352	-45.442986
10696.618652	-45.450039
10702.001953	-45.805969
10707.385254	-46.889603
10712.768555	-47.405365
10718.151855	-47.092068
10723.535156	-46.761124
10728.918457	-46.368389
10734.301758	-46.509079
10739.685059	-46.753559
10745.068359	-46.324810
10750.451660	-45.410999
10755.834961	-44.806187
10761.218262	-44.726185
10766.601562	-45.364712
10771.984863	-45.930336
10777.368164	-45.717293
10782.751465	-45.827255
10788.134766	-46.550674
10793.518066	-46.787529
10798.901367	-45.898468
10804.284668	-45.456310
10809.667969	-45.760719
10815.051270	-46.559399
10820.434570	-47.200428
10825.817871	-47.012062
10831.201172	-46.874657
10836.584473	-47.237556
10841.967773	-47.296906
10847.351074	-47.426468
10852.734375	-47.660809
10858.117676	-48.277477
10863.500977	-48.078503
10868.884277	-47.837948
10874.267578	-48.244564
10879.650879	-49.064705
10885.034180	-49.247658
10890.417480	-49.481106
10895.800781	-50.197704
10901.184082	-50.592716
10906.567383	-50.319679
10911.950684	-49.528824
10917.333984	-49.665474
10922.717285	-49.978050
10928.100586	-50.071388
10933.483887	-49.813091
10938.867188	-49.741547
10944.250488	-50.305656
10949.633789	-50.672684
10955.017090	-50.178608
10960.400391	-49.809746
10965.783691	-50.022831
10971.166992	-50.102863
10976.550293	-49.651314
10981.933594	-49.557198
10987.316895	-50.078922
10992.700195	-50.305283
10998.083496	-50.351612
11003.466797	-49.965626
11008.850098	-49.593681
11014.233398	-50.048420
11019.616699	-50.611820
11025.000000	-50.857559
11030.383301	-51.033367
11035.766602	-51.676456
11041.149902	-52.224277
11046.533203	-52.343784
11051.916504	-52.037487
11057.299805	-52.190964
11062.683105	-52.145477
11068.066406	-51.906368
11073.449707	-52.491920
11078.833008	-52.808659
11084.216309	-53.578476
11089.599609	-53.738445
11094.982910	-52.993534
11100.366211	-52.018414
11105.749512	-51.799503
11111.132812	-52.094326
11116.516113	-52.714291
11121.899414	-52.800747
11127.282715	-52.328571
11132.666016	-52.784035
11138.049316	-53.419338
11143.432617	-53.251007
11148.815918	-52.940723
11154.199219	-52.919456
11159.582520	-53.341156
11164.965820	-53.816082
11170.349121	-53.579723
11175.732422	-52.709698
11181.115723	-52.915348
11186.499023	-53.616112
11191.882324	-53.372231
11197.265625	-53.207211
11202.648926	-53.290318
11208.032227	-53.084778
11213.415527	-53.124985
11218.798828	-53.527431
11224.182129	-54.129089
11229.565430	-54.585453
11234.948730	-55.004272
11240.332031	-55.579536
11245.715332	-55.923115
11251.098633	-56.255749
11256.481934	-56.892780
11261.865234	-57.132175
11267.248535	-57.068604
11272.631836	-56.898457
11278.015137	-56.991966
11283.398438	-57.421211
11288.781738	-58.341595
11294.165039	-59.621414
11299.548340	-60.545628
11304.931641	-59.565437
11310.314941	-58.719902
11315.698242	-57.880924
11321.081543	-56.635933
11326.464844	-56.379513
11331.848145	-56.097813
11337.231445	-55.588566
11342.614746	-55.351501
11347.998047	-54.449669
11353.381348	-53.900608
11358.764648	-54.647957
11364.147949	-55.900051
11369.531250	-56.449654
11374.914551	-57.076756
11380.297852	-57.025131
11385.681152	-56.841747
11391.064453	-56.674267
11396.447754	-56.821774
11401.831055	-57.609356
11407.214355	-58.297676
11412.597656	-58.709770
11417.980957	-58.458260
11423.364258	-58.343433
11428.747559	-58.317894
11434.130859	-58.148808
11439.514160	-58.074203
11444.897461	-58.740742
11450.280762	-59.764908
11455.664062	-60.757614
11461.047363	-61.850826
11466.430664	-63.632202
11471.813965	-65.133461
11477.197266	-65.854950
11482.580566	-65.662819
11487.963867	-65.295341
11493.347168	-64.691856
11498.730469	-63.455910
11504.113770	-62.573940
11509.497070	-61.437412
11514.880371	-59.869061
11520.263672	-58.248894
11525.646973	-58.026161
11531.030273	-58.696659
11536.413574	-58.547539
11541.796875	-58.174076
11547.180176	-57.797253
11552.563477	-57.909393
11557.946777	-59.034176
11563.330078	-59.354198
11568.713379	-59.254047
11574.096680	-59.782227
11579.479980	-60.327866
11584.863281	-60.612247
11590.246582	-61.524807
11595.629883	-62.561489
11601.013184	-63.093060
11606.396484	-64.041687
11611.779785	-65.045914
11617.163086	-65.560249
11622.546387	-66.088753
11627.929688	-66.739159
11633.312988	-65.436684
11638.696289	-64.080505
11644.079590	-64.348709
11649.462891	-64.685417
11654.846191	-63.914223
11660.229492	-62.752151
11665.612793	-61.596794
11670.996094	-60.957417
11676.379395	-60.962822
11681.762695	-60.481014
11687.145996	-59.519596
11692.529297	-58.980927
11697.912598	-59.133419
11703.295898	-59.899223
11708.679199	-60.403931
11714.062500	-60.660603
11719.445801	-60.833473
11724.829102	-61.871311
11730.212402	-63.189487
11735.595703	-63.857502
11740.979004	-62.907925
11746.362305	-62.310417
11751.745605	-61.956821
11757.128906	-61.726116
11762.512207	-61.484062
11767.895508	-59.617172
11773.278809	-58.302826
11778.662109	-58.640121
11784.045410	-59.195793
11789.428711	-59.097485
11794.812012	-58.426498
11800.195312	-57.962231
11805.578613	-57.937443
11810.961914	-57.667091
11816.345215	-56.810905
11821.728516	-56.739883
11827.111816	-56.617012
11832.495117	-57.050152
11837.878418	-58.068367
11843.261719	-58.520176
11848.645020	-58.558712
11854.028320	-58.366619
11859.411621	-57.998074
11864.794922	-57.864597
11870.178223	-58.638451
11875.561523	-59.790928
11880.944824	-60.258598
11886.328125	-59.785610
11891.711426	-58.965092
11897.094727	-59.135006
11902.478027	-59.121593
11907.861328	-58.902008
11913.244629	-59.152126
11918.627930	-59.092705
11924.011230	-58.397877
11929.394531	-57.453121
11934.777832	-56.349907
11940.161133	-55.856262
11945.544434	-55.542450
11950.927734	-54.941566
11956.311035	-54.293167
11961.694336	-54.053829
11967.077637	-54.056801
11972.460938	-53.988365
11977.844238	-53.904491
11983.227539	-54.056126
11988.610840	-54.460201
11993.994141	-54.991985
11999.377441	-54.876152
12004.760742	-54.813713
12010.144043	-55.800926
12015.527344	-56.919449
12020.910645	-57.137226
12026.293945	-57.407902
12031.677246	-58.085869
12037.060547	-59.573345
12042.443848	-61.078835
12047.827148	-61.975029
12053.210449	-62.664513
12058.593750	-62.194859
12063.977051	-62.211113
12069.360352	-62.117500
12074.743652	-60.473377
12080.126953	-59.174805
12085.510254	-58.748249
12090.893555	-57.876984
12096.276855	-56.896996
12101.660156	-56.384754
12107.043457	-56.332733
12112.426758	-55.540241
12117.810059	-55.001595
12123.193359	-55.347591
12128.576660	-55.735191
12133.959961	-55.238689
12139.343262	-54.589508
12144.726562	-55.042286
12150.109863	-55.360474
12155.493164	-56.037247
12160.876465	-56.966908
12166.259766	-57.417103
12171.643066	-58.389385
12177.026367	-59.940845
12182.409668	-61.477268
12187.792969	-62.745995
12193.176270	-63.709164
12198.559570	-64.143600
12203.942871	-64.736671
12209.326172	-65.800629
12214.709473	-66.750473
12220.092773	-66.480560
12225.476074	-66.746887
12230.859375	-67.420013
12236.242676	-66.170700
12241.625977	-64.089546
12247.009277	-61.772545
12252.392578	-60.716118
12257.775879	-60.963753
12263.159180	-59.822006
12268.542480	-58.041130
12273.925781	-57.122894
12279.309082	-56.963291
12284.692383	-57.238880
12290.075684	-56.791607
12295.458984	-56.659439
12300.842285	-57.387447
12306.225586	-57.331573
12311.608887	-57.424618
12316.992188	-57.443615
12322.375488	-56.778019
12327.758789	-56.653511
12333.142090	-57.801567
12338.525391	-59.292824
12343.908691	-60.698853
12349.291992	-62.364014
12354.675293	-62.974186
12360.058594	-63.381550
12365.441895	-63.489876
12370.825195	-62.316620
12376.208496	-61.343769
12381.591797	-60.736992
12386.975098	-60.085419
12392.358398	-59.336178
12397.741699	-59.273109
12403.125000	-59.449699
12408.508301	-59.435024
12413.891602	-58.908661
12419.274902	-58.407227
12424.658203	-58.293297
12430.041504	-57.914875
12435.424805	-57.493847
12440.808105	-57.534508
12446.191406	-57.549698
12451.574707	-57.931355
12456.958008	-58.353073
12462.341309	-59.203854
12467.724609	-61.204369
12473.107910	-62.091743
12478.491211	-62.194576
12483.874512	-62.546345
12489.257812	-62.380867
12494.641113	-62.160084
12500.024414	-61.413937
12505.407715	-60.579269
12510.791016	-59.450279
12516.174316	-58.461048
12521.557617	-57.870094
12526.940918	-57.724724
12532.324219	-57.911213
12537.707520	-57.210194
12543.090820	-56.143776
12548.474121	-55.962463
12553.857422	-56.312748
12559.240723	-56.022556
12564.624023	-55.860016
12570.007324	-56.414642
12575.390625	-56.687141
12580.773926	-56.953945
12586.157227	-57.624908
12591.540527	-57.956043
12596.923828	-58.562973
12602.307129	-59.781944
12607.690430	-61.466137
12613.073730	-64.386169
12618.457031	-67.376205
12623.840332	-69.018059
12629.223633	-69.997627
12634.606934	-69.365128
12639.990234	-68.363075
12645.373535	-67.842819
12650.756836	-66.341003
12656.140137	-63.816776
12661.523438	-61.850780
12666.906738	-60.619465
12672.290039	-59.521263
12677.673340	-58.523396
12683.056641	-57.765060
12688.439941	-56.950661
12693.823242	-56.261978
12699.206543	-55.658367
12704.589844	-54.928001
12709.973145	-54.806454
12715.356445	-55.318386
12720.739746	-55.974983
12726.123047	-56.525421
12731.506348	-57.038822
12736.889648	-57.279167
12742.272949	-58.304562
12747.656250	-60.416698
12753.039551	-62.851486
12758.422852	-65.092606
12763.806152	-66.658112
12769.189453	-67.950493
12774.572754	-70.624825
12779.956055	-73.995239
12785.339355	-74.593628
12790.722656	-70.599586
12796.105957	-67.671837
12801.489258	-65.568924
12806.872559	-63.623898
12812.255859	-62.417282
12817.639160	-61.578529
12823.022461	-60.506111
12828.405762	-59.713387
12833.789062	-58.769073
12839.172363	-57.830059
12844.555664	-57.133270
12849.938965	-57.082130
12855.322266	-56.321999
12860.705566	-55.199600
12866.088867	-54.393013
12871.472168	-54.178852
12876.855469	-54.081352
12882.238770	-54.329918
12887.622070	-55.016609
12893.005371	-54.680172
12898.388672	-54.402424
12903.771973	-55.253819
12909.155273	-56.206505
12914.538574	-56.018681
12919.921875	-56.144421
12925.305176	-57.088032
12930.688477	-57.635876
12936.071777	-57.205544
12941.455078	-57.012260
12946.838379	-58.007992
12952.221680	-59.771893
12957.604980	-62.076202
12962.988281	-64.127899
12968.371582	-64.169678
12973.754883	-63.121567
12979.138184	-62.567902
12984.521484	-63.049088
12989.904785	-63.376835
12995.288086	-62.206238
13000.671387	-60.064583
13006.054688	-57.591740
13011.437988	-56.368877
13016.821289	-56.399227
13022.204590	-56.681435
13027.587891	-56.482780
13032.971191	-55.884766
13038.354492	-56.144547
13043.737793	-56.827187
13049.121094	-56.405144
13054.504395	-56.042904
13059.887695	-56.212532
13065.270996	-57.153503
13070.654297	-58.806557
13076.037598	-59.379681
13081.420898	-58.927795
13086.804199	-58.549816
13092.187500	-58.625431
13097.570801	-59.041573
13102.954102	-59.218689
13108.337402	-59.113605
13113.720703	-59.237137
13119.104004	-59.398922
13124.487305	-59.161995
13129.870605	-58.882679
13135.253906	-58.332691
13140.637207	-57.766647
13146.020508	-57.619949
13151.403809	-57.601181
13156.787109	-57.329166
13162.170410	-57.188942
13167.553711	-57.475372
13172.937012	-57.778095
13178.320312	-58.394287
13183.703613	-59.440731
13189.086914	-60.150429
13194.470215	-60.169785
13199.853516	-59.569778
13205.236816	-59.275085
13210.620117	-59.401745
13216.003418	-59.018898
13221.386719	-58.362614
13226.770020	-57.862583
13232.153320	-58.003475
13237.536621	-58.811100
13242.919922	-59.023109
13248.303223	-58.442856
13253.686523	-57.877045
13259.069824	-57.364517
13264.453125	-57.113159
13269.836426	-56.934601
13275.219727	-56.844181
13280.603027	-56.643055
13285.986328	-57.391014
13291.369629	-58.229538
13296.752930	-58.071800
13302.136230	-57.896294
13307.519531	-57.420589
13312.902832	-57.128582
13318.286133	-56.583130
13323.669434	-56.229187
13329.052734	-56.252415
13334.436035	-56.203442
13339.819336	-56.291840
13345.202637	-56.781906
13350.585938	-57.245609
13355.969238	-57.285496
13361.352539	-57.285839
13366.735840	-57.793282
13372.119141	-59.085972
13377.502441	-60.010700
13382.885742	-60.248203
13388.269043	-60.561199
13393.652344	-61.208305
13399.035645	-61.588474
13404.418945	-62.191723
13409.802246	-63.438862
13415.185547	-65.064987
13420.568848	-65.163971
13425.952148	-64.504723
13431.335449	-63.890846
13436.718750	-62.374069
13442.102051	-61.103714
13447.485352	-59.932957
13452.868652	-59.086819
13458.251953	-58.797066
13463.635254	-58.533901
13469.018555	-57.776329
13474.401855	-57.156292
13479.785156	-57.455971
13485.168457	-57.818081
13490.551758	-57.405792
13495.935059	-57.195965
13501.318359	-57.755852
13506.701660	-59.179432
13512.084961	-59.562099
13517.468262	-60.675625
13522.851562	-63.352837
13528.234863	-64.748703
13533.618164	-64.702896
13539.001465	-65.083214
13544.384766	-65.797531
13549.768066	-66.249367
13555.151367	-66.119530
13560.534668	-65.281288
13565.917969	-63.936127
13571.301270	-62.220909
13576.684570	-60.720261
13582.067871	-59.614864
13587.451172	-58.704113
13592.834473	-58.673256
13598.217773	-59.306637
13603.601074	-58.616230
13608.984375	-57.609108
13614.367676	-56.730000
13619.750977	-55.971462
13625.134277	-55.854103
13630.517578	-56.498154
13635.900879	-56.960743
13641.284180	-56.711369
13646.667480	-55.790367
13652.050781	-55.680111
13657.434082	-56.435295
13662.817383	-56.342171
13668.200684	-56.250771
13673.583984	-57.056873
13678.967285	-58.238518
13684.350586	-58.764744
13689.733887	-59.055847
13695.117188	-59.151394
13700.500488	-59.308300
13705.883789	-59.297264
13711.267090	-60.161919
13716.650391	-61.863766
13722.033691	-62.864250
13727.416992	-64.210007
13732.800293	-64.907143
13738.183594	-65.368317
13743.566895	-65.698303
13748.950195	-64.500114
13754.333496	-62.654850
13759.716797	-61.125774
13765.100098	-59.387333
13770.483398	-57.970970
13775.866699	-57.773891
13781.250000	-57.876072
13786.633301	-57.674236
13792.016602	-56.880135
13797.399902	-56.055981
13802.783203	-55.676163
13808.166504	-55.771610
13813.549805	-56.092445
13818.933105	-56.372711
13824.316406	-56.188725
13829.699707	-56.262882
13835.083008	-57.307518
13840.466309	-58.544758
13845.849609	-58.772606
13851.232910	-59.000443
13856.616211	-59.467094
13861.999512	-60.053467
13867.382812	-61.621815
13872.766113	-62.510487
13878.149414	-62.210491
13883.532715	-62.304688
13888.916016	-62.956451
13894.299316	-62.358727
13899.682617	-61.688862
13905.065918	-60.815346
13910.449219	-59.816586
13915.832520	-59.394207
13921.215820	-59.601601
13926.599121	-59.530937
13931.982422	-59.457481
13937.365723	-59.054508
13942.749023	-58.023781
13948.132324	-57.124935
13953.515625	-57.404152
13958.898926	-57.461273
13964.282227	-57.713463
13969.665527	-58.943035
13975.048828	-60.176903
13980.432129	-61.311737
13985.815430	-62.810738
13991.198730	-63.722755
13996.582031	-63.677158
14001.965332	-63.383465
14007.348633	-63.005615
14012.731934	-62.487972
14018.115234	-61.922611
14023.498535	-62.183285
14028.881836	-62.133644
14034.265137	-61.707047
14039.648438	-62.115932
14045.031738	-62.532043
14050.415039	-62.092552
14055.798340	-62.596653
14061.181641	-63.983410
14066.564941	-64.644562
14071.948242	-63.869183
14077.331543	-63.147949
14082.714844	-63.573322
14088.098145	-64.732445
14093.481445	-65.633804
14098.864746	-66.454193
14104.248047	-67.098061
14109.631348	-67.981865
14115.014648	-69.337395
14120.397949	-70.064850
14125.781250	-69.931908
14131.164551	-70.206604
14136.547852	-70.501991
14141.931152	-70.320572
14147.314453	-69.453735
14152.697754	-68.638336
14158.081055	-68.383133
14163.464355	-68.625206
14168.847656	-70.148926
14174.230957	-72.955894
14179.614258	-77.002991
14184.997559	-81.493393
14190.380859	-84.949455
14195.764160	-84.781464
14201.147461	-81.429649
14206.530762	-79.977356
14211.914062	-80.459152
14217.297363	-80.754478
14222.680664	-80.680428
14228.063965	-77.958809
14233.447266	-76.745560
14238.830566	-77.644928
14244.213867	-75.502785
14249.597168	-74.899132
14254.980469	-75.988342
14260.363770	-77.524010
14265.747070	-79.583130
14271.130371	-80.940269
14276.513672	-81.426956
14281.896973	-83.676308
14287.280273	-86.335648
14292.663574	-87.406204
14298.046875	-89.127007
14303.430176	-90.934502
14308.813477	-91.995117
14314.196777	-91.100922
14319.580078	-90.659210
14324.963379	-90.954597
14330.346680	-91.183144
14335.729980	-92.230690
14341.113281	-92.945168
14346.496582	-93.210083
14351.879883	-93.989136
14357.263184	-93.444092
14362.646484	-92.271263
14368.029785	-91.780632
14373.413086	-91.382439
14378.796387	-91.711098
14384.179688	-92.685349
14389.562988	-93.567017
14394.946289	-94.097061
14400.329590	-93.819008
14405.712891	-93.651093
14411.096191	-93.608475
14416.479492	-93.389648
14421.862793	-93.168030
14427.246094	-93.958626
14432.629395	-95.786087
14438.012695	-96.309410
14443.395996	-95.777237
14448.779297	-95.520805
14454.162598	-94.820305
14459.545898	-94.452438
14464.929199	-94.719284
14470.312500	-95.209511
14475.695801	-95.660484
14481.079102	-95.694641
14486.462402	-95.787010
14491.845703	-96.319977
14497.229004	-96.660477
14502.612305	-96.614571
14507.995605	-96.458427
14513.378906	-96.422211
14518.762207	-96.661583
14524.145508	-96.628242
14529.528809	-96.636894
14534.912109	-97.194710
14540.295410	-97.598335
14545.678711	-97.652077
14551.062012	-97.234268
14556.445312	-96.508667
14561.828613	-95.508965
14567.211914	-95.074257
14572.595215	-94.856285
14577.978516	-95.072685
14583.361816	-95.407654
14588.745117	-94.943970
14594.128418	-94.441032
14599.511719	-94.683365
14604.895020	-94.790840
14610.278320	-94.552528
14615.661621	-94.202644
14621.044922	-93.773544
14626.428223	-93.844673
14631.811523	-93.719261
14637.194824	-92.779686
14642.578125	-92.047440
14647.961426	-92.239914
14653.344727	-92.442093
14658.728027	-92.036171
14664.111328	-91.472137
14669.494629	-90.981667
14674.877930	-91.026459
14680.261230	-91.432411
14685.644531	-91.071213
14691.027832	-90.706467
14696.411133	-90.438263
14701.794434	-89.869972
14707.177734	-89.715256
14712.561035	-89.849792
14717.944336	-90.675819
14723.327637	-90.894745
14728.710938	-90.823257
14734.094238	-91.491035
14739.477539	-91.525894
14744.860840	-90.551056
14750.244141	-89.718277
14755.627441	-89.309692
14761.010742	-89.738808
14766.394043	-90.849518
14771.777344	-90.135361
14777.160645	-88.387115
14782.543945	-87.436424
14787.927246	-86.468399
14793.310547	-84.822853
14798.693848	-82.880791
14804.077148	-81.316345
14809.460449	-79.646156
14814.843750	-76.519249
14820.227051	-73.860809
14825.610352	-72.359337
14830.993652	-70.689896
14836.376953	-69.307503
14841.760254	-69.157066
14847.143555	-69.456970
14852.526855	-70.272346
14857.910156	-71.521751
14863.293457	-73.540596
14868.676758	-76.974480
14874.060059	-80.732262
14879.443359	-84.291115
14884.826660	-86.939888
14890.209961	-88.060120
14895.593262	-89.402534
14900.976562	-89.883499
14906.359863	-89.475655
14911.743164	-89.088196
14917.126465	-88.998299
14922.509766	-88.612839
14927.893066	-87.992638
14933.276367	-87.652313
14938.659668	-87.373421
14944.042969	-86.345039
14949.426270	-84.306381
14954.809570	-82.629524
14960.192871	-81.323608
14965.576172	-80.283524
14970.959473	-79.685120
14976.342773	-78.471992
14981.726074	-75.951248
14987.109375	-73.334625
14992.492676	-72.315941
14997.875977	-72.044769
15003.259277	-71.554146
15008.642578	-72.415276
15014.025879	-73.137642
15019.409180	-71.779289
15024.792480	-72.111763
15030.175781	-71.730232
15035.559082	-69.829567
15040.942383	-69.205330
15046.325684	-69.215004
15051.708984	-69.056122
15057.092285	-69.110390
15062.475586	-70.227432
15067.858887	-70.861237
15073.242188	-70.117363
15078.625488	-69.871307
15084.008789	-70.285362
15089.392090	-70.538963
15094.775391	-70.998322
15100.158691	-72.480797
15105.541992	-74.886047
15110.925293	-78.457092
15116.308594	-81.869621
15121.691895	-83.332458
15127.075195	-84.489769
15132.458496	-85.219093
15137.841797	-84.713867
15143.225098	-82.082329
15148.608398	-78.531769
15153.991699	-76.243965
15159.375000	-75.475494
15164.758301	-76.157478
15170.141602	-77.343277
15175.524902	-78.556770
15180.908203	-79.881645
15186.291504	-81.020958
15191.674805	-82.995552
15197.058105	-86.318932
15202.441406	-88.965820
15207.824707	-89.842178
15213.208008	-90.610764
15218.591309	-91.021729
15223.974609	-91.032059
15229.357910	-91.984901
15234.741211	-93.342873
15240.124512	-92.829124
15245.507812	-91.816505
15250.891113	-91.657013
15256.274414	-92.385490
15261.657715	-93.130127
15267.041016	-92.883904
15272.424316	-92.504921
15277.807617	-92.104729
15283.190918	-91.950691
15288.574219	-92.372681
15293.957520	-92.240150
15299.340820	-91.893837
15304.724121	-92.018105
15310.107422	-91.258278
15315.490723	-90.867935
15320.874023	-91.786942
15326.257324	-92.821342
15331.640625	-93.566795
15337.023926	-93.562340
15342.407227	-93.753563
15347.790527	-94.143959
15353.173828	-94.018539
15358.557129	-93.114357
15363.940430	-93.459366
15369.323730	-94.351334
15374.707031	-93.835449
15380.090332	-93.264252
15385.473633	-92.665398
15390.856934	-92.566399
15396.240234	-92.597412
15401.623535	-92.511009
15407.006836	-93.030746
15412.390137	-93.753220
15417.773438	-93.647621
15423.156738	-93.014130
15428.540039	-92.749481
15433.923340	-92.879837
15439.306641	-93.203224
15444.689941	-94.196129
15450.073242	-94.911629
15455.456543	-94.834663
15460.839844	-94.707809
15466.223145	-94.450226
15471.606445	-94.071106
15476.989746	-93.783356
15482.373047	-93.741417
15487.756348	-93.588524
15493.139648	-93.828598
15498.522949	-94.069260
15503.906250	-94.615128
15509.289551	-95.632683
15514.672852	-95.889374
15520.056152	-96.296486
15525.439453	-96.537506
15530.822754	-96.352013
15536.206055	-96.489212
15541.589355	-96.689682
15546.972656	-97.421089
15552.355957	-97.476059
15557.739258	-96.860458
15563.122559	-96.496758
15568.505859	-96.397987
15573.889160	-96.397858
15579.272461	-96.147484
15584.655762	-95.796478
15590.039062	-95.717209
15595.422363	-95.720238
15600.805664	-95.659027
15606.188965	-95.899055
15611.572266	-96.172356
15616.955566	-96.300705
15622.338867	-96.699020
15627.722168	-97.184975
15633.105469	-96.679169
15638.488770	-96.055458
15643.872070	-96.192696
15649.255371	-96.658211
15654.638672	-96.703323
15660.021973	-96.552010
15665.405273	-96.668762
15670.788574	-97.003525
15676.171875	-96.833099
15681.555176	-96.183441
15686.938477	-96.172218
15692.321777	-96.459396
15697.705078	-96.826813
15703.088379	-96.511185
15708.471680	-95.971603
15713.854980	-95.519707
15719.238281	-94.888222
15724.621582	-94.913513
15730.004883	-95.490387
15735.388184	-95.350807
15740.771484	-95.257706
15746.154785	-95.017982
15751.538086	-94.482391
15756.921387	-94.284889
15762.304688	-94.615501
15767.687988	-95.419281
15773.071289	-95.879753
15778.454590	-95.505531
15783.837891	-95.514084
15789.221191	-95.820702
15794.604492	-95.498337
15799.987793	-95.833626
15805.371094	-96.213593
15810.754395	-96.575462
15816.137695	-96.645706
15821.520996	-95.913994
15826.904297	-95.518524
15832.287598	-96.183304
15837.670898	-96.820213
15843.054199	-96.676231
15848.437500	-96.609474
15853.820801	-96.608368
15859.204102	-96.248405
15864.587402	-96.044708
15869.970703	-95.584885
15875.354004	-95.238098
15880.737305	-94.763901
15886.120605	-93.847626
15891.503906	-93.476921
15896.887207	-93.763725
15902.270508	-93.971069
15907.653809	-93.997139
15913.037109	-93.957680
15918.420410	-94.764175
15923.803711	-95.253853
15929.187012	-94.707268
15934.570312	-94.176888
15939.953613	-93.525589
15945.336914	-93.174393
15950.720215	-93.715828
15956.103516	-94.609825
15961.486816	-94.731239
15966.870117	-93.907806
15972.253418	-92.947662
15977.636719	-92.925751
15983.020020	-93.485657
15988.403320	-92.984283
15993.786621	-92.416130
15999.169922	-92.382500
16004.553223	-92.582680
16009.936523	-93.058113
16015.319824	-93.044434
16020.703125	-92.313332
16026.086426	-92.327560
16031.469727	-92.835320
16036.853027	-92.493240
16042.236328	-92.240578
16047.619629	-92.323456
16053.002930	-91.825432
16058.386230	-91.272736
16063.769531	-91.870338
16069.152832	-92.483177
16074.536133	-92.154358
16079.919434	-91.658630
16085.302734	-91.395699
16090.686035	-91.583527
16096.069336	-91.764290
16101.452637	-91.462860
16106.835938	-91.349564
16112.219238	-91.610298
16117.602539	-91.651054
16122.985840	-91.550606
16128.369141	-90.794647
16133.752441	-90.105064
16139.135742	-90.244804
16144.519043	-90.646637
16149.902344	-90.698799
16155.285645	-90.706017
16160.668945	-90.910950
16166.052246	-91.097916
16171.435547	-91.182304
16176.818848	-91.670540
16182.202148	-91.496490
16187.585449	-90.938713
16192.968750	-90.494438
16198.352051	-90.286102
16203.735352	-90.975479
16209.118652	-91.333992
16214.501953	-91.181145
16219.885254	-91.443672
16225.268555	-91.366150
16230.651855	-90.963936
16236.035156	-89.583244
16241.418457	-88.154579
16246.801758	-86.521545
16252.185059	-84.968887
16257.568359	-84.599846
16262.951660	-85.294075
16268.334961	-87.042999
16273.718262	-88.634804
16279.101562	-89.524994
16284.484863	-90.160141
16289.868164	-90.229973
16295.251465	-89.711082
16300.634766	-89.121941
16306.018066	-89.308380
16311.401367	-89.830780
16316.784668	-90.239326
16322.167969	-90.211708
16327.551270	-90.136665
16332.934570	-89.704857
16338.317871	-89.522110
16343.701172	-90.100113
16349.084473	-90.377739
16354.467773	-89.855690
16359.851074	-89.469795
16365.234375	-89.742027
16370.617676	-89.925217
16376.000977	-90.431297
16381.384277	-90.704330
16386.767578	-90.982872
16392.150879	-91.175667
16397.534180	-90.664703
16402.917480	-90.573891
16408.300781	-91.251778
16413.684082	-91.740211
16419.067383	-92.251038
16424.450684	-92.251541
16429.833984	-91.772156
16435.217285	-91.368439
16440.600586	-90.983009
16445.983887	-91.385582
16451.367188	-91.483513
16456.750488	-91.009888
16462.133789	-90.435631
16467.517090	-90.063568
16472.900391	-89.905151
16478.283691	-89.986565
16483.666992	-89.771240
16489.050293	-89.035141
16494.433594	-88.650444
16499.816895	-87.016380
16505.200195	-84.011101
16510.583496	-83.109474
16515.966797	-82.781761
16521.350098	-83.318893
16526.733398	-84.971878
16532.116699	-87.058769
16537.500000	-87.445145
16542.883301	-84.778984
16548.266602	-82.215202
16553.649902	-80.046860
16559.033203	-78.508858
16564.416504	-78.472977
16569.799805	-79.485054
16575.183105	-81.289444
16580.566406	-82.914772
16585.949707	-81.583031
16591.333008	-79.091728
16596.716309	-77.607948
16602.099609	-77.099785
16607.482910	-77.025398
16612.866211	-77.282623
16618.249512	-77.374794
16623.632812	-77.062271
16629.016113	-77.186035
16634.399414	-78.093414
16639.782715	-77.543365
16645.166016	-75.873596
16650.549316	-75.159546
16655.932617	-76.119446
16661.315918	-77.794647
16666.699219	-79.304947
16672.082520	-80.581039
16677.465820	-82.403450
16682.849121	-83.748360
16688.232422	-85.590698
16693.615723	-86.194206
16698.999023	-82.687546
16704.382324	-79.692184
16709.765625	-79.615616
16715.148926	-81.688866
16720.532227	-82.991432
16725.915527	-82.954872
16731.298828	-83.007011
16736.682129	-82.134544
16742.065430	-80.828285
16747.448730	-79.387848
16752.832031	-78.592278
16758.215332	-78.571503
16763.598633	-78.466652
16768.981934	-78.016022
16774.365234	-77.957062
16779.748535	-77.710892
16785.131836	-75.315170
16790.515137	-73.761284
16795.898438	-73.264977
16801.281738	-74.607971
16806.665039	-76.931129
16812.048340	-78.431702
16817.431641	-79.810143
16822.814941	-79.675026
16828.198242	-78.378571
16833.581543	-77.207611
16838.964844	-75.803200
16844.348145	-75.285004
16849.731445	-76.874382
16855.114746	-79.107849
16860.498047	-79.218895
16865.881348	-77.840767
16871.264648	-75.392784
16876.647949	-73.154762
16882.031250	-71.222336
16887.414551	-70.159004
16892.797852	-70.765038
16898.181152	-71.624626
16903.564453	-71.871811
16908.947754	-72.742546
16914.331055	-72.694717
16919.714355	-71.488831
16925.097656	-70.419197
16930.480957	-69.683746
16935.864258	-69.548454
16941.247559	-69.500999
16946.630859	-70.495811
16952.014160	-71.607941
16957.397461	-71.281593
16962.780762	-71.995308
16968.164062	-73.904175
16973.547363	-75.807800
16978.930664	-76.753403
16984.313965	-76.702553
16989.697266	-75.420349
16995.080566	-75.711403
17000.463867	-76.102737
17005.847168	-74.896492
17011.230469	-73.312485
17016.613770	-72.470802
17021.997070	-71.657990
17027.380371	-71.347336
17032.763672	-72.261925
17038.146973	-73.830498
17043.530273	-75.127769
17048.913574	-75.769569
17054.296875	-75.237190
17059.680176	-73.821365
17065.063477	-73.728111
17070.446777	-74.918251
17075.830078	-75.831444
17081.213379	-76.516365
17086.596680	-76.974861
17091.979980	-76.532936
17097.363281	-76.123459
17102.746582	-76.318588
17108.129883	-77.106812
17113.513184	-78.048470
17118.896484	-77.794601
17124.279785	-76.141808
17129.663086	-73.884109
17135.046387	-72.096870
17140.429688	-71.861984
17145.812988	-72.224152
17151.196289	-73.522636
17156.579590	-75.094521
17161.962891	-74.268921
17167.346191	-72.978371
17172.729492	-72.086578
17178.112793	-71.142174
17183.496094	-70.252449
17188.879395	-70.109810
17194.262695	-70.256088
17199.645996	-69.738503
17205.029297	-69.680344
17210.412598	-70.877754
17215.795898	-71.740471
17221.179199	-71.600891
17226.562500	-72.181274
17231.945801	-72.863983
17237.329102	-72.501152
17242.712402	-72.224487
17248.095703	-71.879021
17253.479004	-72.192741
17258.862305	-73.031319
17264.245605	-72.793633
17269.628906	-72.480202
17275.012207	-72.455658
17280.395508	-72.374329
17285.778809	-71.663895
17291.162109	-70.957001
17296.545410	-71.078636
17301.928711	-71.083206
17307.312012	-70.197823
17312.695312	-70.011574
17318.078613	-70.855568
17323.461914	-71.691925
17328.845215	-71.932678
17334.228516	-71.939148
17339.611816	-71.768837
17344.995117	-70.527039
17350.378418	-69.090515
17355.761719	-68.764526
17361.145020	-69.127022
17366.528320	-69.476372
17371.911621	-70.090538
17377.294922	-71.144577
17382.678223	-71.475113
17388.061523	-71.263062
17393.444824	-71.191589
17398.828125	-71.828682
17404.211426	-73.036079
17409.594727	-74.798157
17414.978027	-75.124580
17420.361328	-74.833450
17425.744629	-75.166901
17431.127930	-75.867241
17436.511230	-77.501884
17441.894531	-80.214485
17447.277832	-84.002533
17452.661133	-83.564835
17458.044434	-80.342163
17463.427734	-78.072533
17468.811035	-76.617172
17474.194336	-75.654686
17479.577637	-75.163933
17484.960938	-75.311340
17490.344238	-76.074753
17495.727539	-76.991882
17501.110840	-77.946419
17506.494141	-79.200813
17511.877441	-79.338181
17517.260742	-80.774170
17522.644043	-82.706490
17528.027344	-81.870590
17533.410645	-80.717361
17538.793945	-81.855911
17544.177246	-85.328865
17549.560547	-87.949829
17554.943848	-87.425690
17560.327148	-87.570450
17565.710449	-87.784561
17571.093750	-85.602913
17576.477051	-83.314842
17581.860352	-81.903595
17587.243652	-81.057312
17592.626953	-81.063484
17598.010254	-81.716423
17603.393555	-83.112061
17608.776855	-84.744621
17614.160156	-84.578896
17619.543457	-81.550964
17624.926758	-78.427933
17630.310059	-76.262344
17635.693359	-75.762939
17641.076660	-77.146576
17646.459961	-79.759712
17651.843262	-82.634521
17657.226562	-83.979431
17662.609863	-83.724648
17667.993164	-81.311256
17673.376465	-78.644150
17678.759766	-76.986214
17684.143066	-76.386131
17689.526367	-76.598900
17694.909668	-77.397018
17700.292969	-78.018227
17705.676270	-78.501640
17711.059570	-78.150208
17716.442871	-77.270782
17721.826172	-77.037567
17727.209473	-76.244865
17732.592773	-74.798500
17737.976074	-74.591080
17743.359375	-75.517334
17748.742676	-76.601746
17754.125977	-77.344460
17759.509277	-76.859314
17764.892578	-76.261093
17770.275879	-76.298164
17775.659180	-76.205894
17781.042480	-76.000687
17786.425781	-76.708168
17791.809082	-78.922005
17797.192383	-82.237953
17802.575684	-86.127441
17807.958984	-88.759331
17813.342285	-88.726952
17818.725586	-86.206848
17824.108887	-83.280014
17829.492188	-82.191994
17834.875488	-82.529007
17840.258789	-82.861053
17845.642090	-81.733093
17851.025391	-80.311935
17856.408691	-80.633347
17861.791992	-83.151382
17867.175293	-86.296379
17872.558594	-87.409294
17877.941895	-86.877220
17883.325195	-86.432861
17888.708496	-85.129143
17894.091797	-84.477905
17899.475098	-84.156227
17904.858398	-84.370712
17910.241699	-84.932938
17915.625000	-83.918633
17921.008301	-82.743408
17926.391602	-83.267624
17931.774902	-85.313774
17937.158203	-88.082413
17942.541504	-90.204391
17947.924805	-90.657028
17953.308105	-90.039139
17958.691406	-88.419762
17964.074707	-86.081406
17969.458008	-85.105873
17974.841309	-85.646828
17980.224609	-86.262550
17985.607910	-86.819450
17990.991211	-88.109955
17996.374512	-89.472137
18001.757812	-90.816521
18007.141113	-92.045326
18012.524414	-92.104851
18017.907715	-91.616280
18023.291016	-91.510445
18028.674316	-91.878960
18034.057617	-91.304245
18039.440918	-90.336952
18044.824219	-88.952637
18050.207520	-86.492226
18055.590820	-83.792885
18060.974121	-82.034912
18066.357422	-82.429466
18071.740723	-84.622963
18077.124023	-87.475868
18082.507324	-90.421036
18087.890625	-91.764305
18093.273926	-91.642479
18098.657227	-92.247055
18104.040527	-92.488121
18109.423828	-91.925209
18114.807129	-91.639496
18120.190430	-89.937996
18125.573730	-86.446823
18130.957031	-83.602028
18136.340332	-81.792549
18141.723633	-80.513168
18147.106934	-79.893562
18152.490234	-79.926430
18157.873535	-80.915657
18163.256836	-82.886597
18168.640137	-85.081108
18174.023438	-86.426498
18179.406738	-87.728325
18184.790039	-89.209579
18190.173340	-90.495285
18195.556641	-91.119576
18200.939941	-88.882393
18206.323242	-85.976616
18211.706543	-84.345924
18217.089844	-84.362320
18222.473145	-86.214706
18227.856445	-89.546043
18233.239746	-92.700676
18238.623047	-93.345367
18244.006348	-93.452736
18249.389648	-93.605125
18254.772949	-93.488533
18260.156250	-93.524345
18265.539551	-93.926949
18270.922852	-94.271347
18276.306152	-93.648560
18281.689453	-92.376900
18287.072754	-91.500648
18292.456055	-91.630997
18297.839355	-91.415031
18303.222656	-89.676628
18308.605957	-88.852875
18313.989258	-89.573296
18319.372559	-91.741463
18324.755859	-94.164124
18330.139160	-94.811783
18335.522461	-94.844971
18340.905762	-95.380547
18346.289062	-95.757263
18351.672363	-95.730164
18357.055664	-95.989403
18362.438965	-96.537300
18367.822266	-95.754608
18373.205566	-95.524681
18378.588867	-95.816460
18383.972168	-95.529556
18389.355469	-95.131973
18394.738770	-95.067444
18400.122070	-95.295921
18405.505371	-96.187492
18410.888672	-96.625046
18416.271973	-96.588478
18421.655273	-96.151566
18427.038574	-96.000824
18432.421875	-95.857483
18437.805176	-95.543777
18443.188477	-96.033501
18448.571777	-96.759789
18453.955078	-96.279221
18459.338379	-95.960518
18464.721680	-96.176712
18470.104980	-95.855782
18475.488281	-95.304100
18480.871582	-93.079826
18486.254883	-89.907890
18491.638184	-87.347046
18497.021484	-86.202065
18502.404785	-87.053375
18507.788086	-89.914352
18513.171387	-93.033829
18518.554688	-94.260231
18523.937988	-94.779373
18529.321289	-95.198700
18534.704590	-95.275986
18540.087891	-95.322563
18545.471191	-95.373405
18550.854492	-95.831619
18556.237793	-96.026733
18561.621094	-96.210411
18567.004395	-96.729294
18572.387695	-96.672005
18577.770996	-96.307579
18583.154297	-96.340286
18588.537598	-97.095192
18593.920898	-97.512276
18599.304199	-96.844208
18604.687500	-96.632233
18610.070801	-96.670731
18615.454102	-96.768745
18620.837402	-96.772141
18626.220703	-96.701302
18631.604004	-97.109993
18636.987305	-96.966751
18642.370605	-96.322586
18647.753906	-96.206970
18653.137207	-96.977440
18658.520508	-97.449890
18663.903809	-96.805588
18669.287109	-96.890190
18674.670410	-97.338135
18680.053711	-98.049942
18685.437012	-98.254837
18690.820312	-97.452927
18696.203613	-96.751572
18701.586914	-96.743080
18706.970215	-97.501770
18712.353516	-98.057655
18717.736816	-97.514755
18723.120117	-97.531410
18728.503418	-97.444351
18733.886719	-96.989967
18739.270020	-96.968758
18744.653320	-97.608833
18750.036621	-97.870041
18755.419922	-98.420044
18760.803223	-99.133110
18766.186523	-99.722214
18771.569824	-99.645134
18776.953125	-99.653496
18782.336426	-100.303650
18787.719727	-100.713234
18793.103027	-100.410751
18798.486328	-99.998360
18803.869629	-99.522369
18809.252930	-99.478249
18814.636230	-100.133453
18820.019531	-100.118515
18825.402832	-100.183228
18830.786133	-100.366814
18836.169434	-99.939926
18841.552734	-99.710892
18846.936035	-99.825668
18852.319336	-99.731117
18857.702637	-100.017937
18863.085938	-100.054085
18868.469238	-99.989937
18873.852539	-100.029327
18879.235840	-100.004761
18884.619141	-100.051033
18890.002441	-100.827362
18895.385742	-100.972160
18900.769043	-100.593132
18906.152344	-100.509254
18911.535645	-100.760895
18916.918945	-100.899178
18922.302246	-101.112991
18927.685547	-101.444778
18933.068848	-101.917732
18938.452148	-101.939873
18943.835449	-102.018677
18949.218750	-102.491783
18954.602051	-102.852615
18959.985352	-102.388245
18965.368652	-102.257317
18970.751953	-102.310532
18976.135254	-102.217369
18981.518555	-102.068108
18986.901855	-102.315865
18992.285156	-102.729622
18997.668457	-103.036453
19003.051758	-103.641068
19008.435059	-104.085808
19013.818359	-104.816170
19019.201660	-105.192696
19024.584961	-105.007431
19029.968262	-104.952644
19035.351562	-104.350311
19040.734863	-104.221176
19046.118164	-104.220619
19051.501465	-104.078514
19056.884766	-104.438782
19062.268066	-104.382057
19067.651367	-104.400864
19073.034668	-104.386162
19078.417969	-104.412270
19083.801270	-104.718307
19089.184570	-105.197655
19094.567871	-105.008530
19099.951172	-104.911942
19105.334473	-105.572685
19110.717773	-106.484299
19116.101074	-107.156349
19121.484375	-107.174873
19126.867676	-106.710724
19132.250977	-106.256760
19137.634277	-106.456970
19143.017578	-107.696579
19148.400879	-107.593361
19153.784180	-106.876160
19159.167480	-107.530327
19164.550781	-107.415215
19169.934082	-107.000664
19175.317383	-107.540596
19180.700684	-107.436920
19186.083984	-107.574753
19191.467285	-107.288544
19196.850586	-106.565979
19202.233887	-106.874008
19207.617188	-107.130684
19213.000488	-107.745056
19218.383789	-108.577675
19223.767090	-108.586609
19229.150391	-108.135376
19234.533691	-108.372757
19239.916992	-108.996834
19245.300293	-108.800987
19250.683594	-108.736633
19256.066895	-109.083267
19261.450195	-108.763161
19266.833496	-109.008774
19272.216797	-109.050072
19277.600098	-109.183708
19282.983398	-109.701706
19288.366699	-109.896858
19293.750000	-109.517700
19299.133301	-109.255035
19304.516602	-109.164619
19309.899902	-109.011261
19315.283203	-109.086830
19320.666504	-109.251991
19326.049805	-109.462158
19331.433105	-110.197197
19336.816406	-109.793976
19342.199707	-109.564240
19347.583008	-109.884003
19352.966309	-110.389801
19358.349609	-110.704308
19363.732910	-110.702972
19369.116211	-110.416267
19374.499512	-110.719933
19379.882812	-110.763924
19385.266113	-110.637947
19390.649414	-111.340294
19396.032715	-111.461494
19401.416016	-110.437355
19406.799316	-110.482361
19412.182617	-111.428291
19417.565918	-111.424759
19422.949219	-111.469856
19428.332520	-111.543236
19433.715820	-110.929993
19439.099121	-111.314651
19444.482422	-111.573166
19449.865723	-110.746628
19455.249023	-110.932327
19460.632324	-112.318687
19466.015625	-113.016380
19471.398926	-112.131638
19476.782227	-111.753334
19482.165527	-111.699539
19487.548828	-112.066742
19492.932129	-112.970650
19498.315430	-113.121094
19503.698730	-113.234718
19509.082031	-113.257912
19514.465332	-113.323402
19519.848633	-113.167343
19525.231934	-113.029099
19530.615234	-113.953117
19535.998535	-114.624489
19541.381836	-114.221413
19546.765137	-114.263199
19552.148438	-113.602791
19557.531738	-114.071053
19562.915039	-115.145393
19568.298340	-115.299309
19573.681641	-114.953484
19579.064941	-114.782265
19584.448242	-115.162170
19589.831543	-115.290230
19595.214844	-114.508736
19600.598145	-114.527252
19605.981445	-114.608383
19611.364746	-115.048241
19616.748047	-116.135635
19622.131348	-115.876373
19627.514648	-115.007607
19632.897949	-115.158142
19638.281250	-115.520515
19643.664551	-115.975334
19649.047852	-116.400665
19654.431152	-116.237671
19659.814453	-116.466797
19665.197754	-116.738426
19670.581055	-117.376617
19675.964355	-117.194298
19681.347656	-116.725708
19686.730957	-116.866585
19692.114258	-116.975594
19697.497559	-117.055702
19702.880859	-117.379822
19708.264160	-117.396538
19713.647461	-116.582100
19719.030762	-115.786942
19724.414062	-116.031715
19729.797363	-117.462051
19735.180664	-118.506119
19740.563965	-118.350266
19745.947266	-118.266319
19751.330566	-118.690849
19756.713867	-118.386055
19762.097168	-117.952225
19767.480469	-117.556984
19772.863770	-117.511581
19778.247070	-118.304771
19783.630371	-118.688515
19789.013672	-119.669716
19794.396973	-120.174377
19799.780273	-120.116753
19805.163574	-120.181137
19810.546875	-120.092125
19815.930176	-120.119820
19821.313477	-119.974380
19826.696777	-119.693260
19832.080078	-119.947235
19837.463379	-120.013420
19842.846680	-119.891731
19848.229980	-119.784401
19853.613281	-119.778137
19858.996582	-120.232742
19864.379883	-120.857559
19869.763184	-121.267975
19875.146484	-121.278595
19880.529785	-121.106476
19885.913086	-121.165092
19891.296387	-120.887314
19896.679688	-120.928688
19902.062988	-121.095528
19907.446289	-121.638046
19912.829590	-121.970146
19918.212891	-121.519432
19923.596191	-120.615479
19928.979492	-121.046349
19934.362793	-122.192322
19939.746094	-122.721291
19945.129395	-122.898987
19950.512695	-122.847054
19955.895996	-122.609474
19961.279297	-122.825432
19966.662598	-123.198456
19972.045898	-122.951721
19977.429199	-122.512459
19982.812500	-122.916367
19988.195801	-123.296333
19993.579102	-123.307503
19998.962402	-123.754768
20004.345703	-123.702805
20009.729004	-123.201012
20015.112305	-123.252998
20020.495605	-123.545815
20025.878906	-123.750198
20031.262207	-123.895187
20036.645508	-124.120415
20042.028809	-124.231911
20047.412109	-123.867836
20052.795410	-124.450905
20058.178711	-125.053528
20063.562012	-125.167328
20068.945312	-124.935188
20074.328613	-124.699570
20079.711914	-124.738457
20085.095215	-125.045891
20090.478516	-125.874886
20095.861816	-126.129387
20101.245117	-125.676102
20106.628418	-126.016922
20112.011719	-126.543938
20117.395020	-126.010849
20122.778320	-125.618034
20128.161621	-125.936401
20133.544922	-126.160812
20138.928223	-126.245743
20144.311523	-126.595848
20149.694824	-126.793396
20155.078125	-127.106155
20160.461426	-127.044556
20165.844727	-127.113556
20171.228027	-127.123528
20176.611328	-127.535507
20181.994629	-128.163696
20187.377930	-127.702667
20192.761230	-127.618286
20198.144531	-127.878067
20203.527832	-127.938416
20208.911133	-127.763069
20214.294434	-127.527985
20219.677734	-128.130554
20225.061035	-128.303696
20230.444336	-128.505630
20235.827637	-129.053238
20241.210938	-130.035797
20246.594238	-129.901138
20251.977539	-129.121490
20257.360840	-128.940323
20262.744141	-129.109436
20268.127441	-129.426422
20273.510742	-130.111115
20278.894043	-130.687103
20284.277344	-130.354050
20289.660645	-129.893448
20295.043945	-129.950912
20300.427246	-130.761841
20305.810547	-130.556732
20311.193848	-130.305908
20316.577148	-130.833023
20321.960449	-131.207123
20327.343750	-131.053314
20332.727051	-130.646942
20338.110352	-130.702316
20343.493652	-131.027115
20348.876953	-131.580627
20354.260254	-131.900406
20359.643555	-131.894089
20365.026855	-131.551437
20370.410156	-131.631805
20375.793457	-132.071655
20381.176758	-132.446701
20386.560059	-132.115356
20391.943359	-132.003891
20397.326660	-132.399872
20402.709961	-132.681763
20408.093262	-132.461075
20413.476562	-132.215240
20418.859863	-132.405136
20424.243164	-133.283676
20429.626465	-133.833496
20435.009766	-133.810196
20440.393066	-134.087616
20445.776367	-134.425949
20451.159668	-134.182373
20456.542969	-134.121536
20461.926270	-134.221939
20467.309570	-134.373199
20472.692871	-134.745743
20478.076172	-134.630936
20483.459473	-134.530899
20488.842773	-134.512665
20494.226074	-135.006851
20499.609375	-135.698547
20504.992676	-135.181183
20510.375977	-134.760803
20515.759277	-134.960220
20521.142578	-135.614197
20526.525879	-135.485443
20531.909180	-135.918015
20537.292480	-136.290131
20542.675781	-135.762924
20548.059082	-135.654831
20553.442383	-135.603394
20558.825684	-136.220474
20564.208984	-136.578979
20569.592285	-136.490768
20574.975586	-136.344971
20580.358887	-137.026276
20585.742188	-137.441437
20591.125488	-136.848953
20596.508789	-136.851135
20601.892090	-137.575653
20607.275391	-137.703690
20612.658691	-137.703293
20618.041992	-137.765305
20623.425293	-137.784912
20628.808594	-137.717896
20634.191895	-137.498322
20639.575195	-137.134369
20644.958496	-137.435623
20650.341797	-137.931519
20655.725098	-137.012024
20661.108398	-137.635757
20666.491699	-138.880035
20671.875000	-138.876007
20677.258301	-138.901932
20682.641602	-138.983414
20688.024902	-138.515686
20693.408203	-138.515533
20698.791504	-138.266037
20704.174805	-137.530701
20709.558105	-138.548782
20714.941406	-139.049667
20720.324707	-138.867462
20725.708008	-139.244781
20731.091309	-138.426880
20736.474609	-138.478226
20741.857910	-139.138733
20747.241211	-139.402237
20752.624512	-139.498398
20758.007812	-140.113602
20763.391113	-139.680008
20768.774414	-139.195358
20774.157715	-138.673340
20779.541016	-139.146378
20784.924316	-139.582993
20790.307617	-139.851471
20795.690918	-139.895248
20801.074219	-139.824478
20806.457520	-140.201645
20811.840820	-140.201752
20817.224121	-140.139999
20822.607422	-139.874329
20827.990723	-139.933792
20833.374023	-140.283997
20838.757324	-140.267639
20844.140625	-140.248199
20849.523926	-140.313019
20854.907227	-140.310028
20860.290527	-140.253723
20865.673828	-140.659058
20871.057129	-140.821945
20876.440430	-140.413879
20881.823730	-140.459396
20887.207031	-140.488708
20892.590332	-140.840408
20897.973633	-141.501404
20903.356934	-141.543701
20908.740234	-141.051682
20914.123535	-140.801331
20919.506836	-140.876282
20924.890137	-140.772263
20930.273438	-140.908127
20935.656738	-141.250290
20941.040039	-141.916687
20946.423340	-141.048080
20951.806641	-140.489563
20957.189941	-140.664673
20962.573242	-140.796631
20967.956543	-140.525177
20973.339844	-140.431763
20978.723145	-140.618698
20984.106445	-140.467346
20989.489746	-140.479034
20994.873047	-141.122421
21000.256348	-141.067322
21005.639648	-141.560455
21011.022949	-141.839233
21016.406250	-140.827789
21021.789551	-141.056091
21027.172852	-141.087311
21032.556152	-140.971603
21037.939453	-140.670258
21043.322754	-140.174500
21048.706055	-140.326248
21054.089355	-140.606827
21059.472656	-141.138916
21064.855957	-141.443298
21070.239258	-141.069611
21075.622559	-141.588776
21081.005859	-141.789230
21086.389160	-142.172836
21091.772461	-141.731583
21097.155762	-141.378342
21102.539062	-140.486832
21107.922363	-139.907394
21113.305664	-140.040207
21118.688965	-140.754379
21124.072266	-141.841202
21129.455566	-141.623505
21134.838867	-141.500549
21140.222168	-141.096405
21145.605469	-140.090500
21150.988770	-141.277832
21156.372070	-142.075027
21161.755371	-142.266510
21167.138672	-142.025436
21172.521973	-141.787033
21177.905273	-140.925842
21183.288574	-141.371964
21188.671875	-141.730087
21194.055176	-141.431229
21199.438477	-141.051117
21204.821777	-141.452576
21210.205078	-141.632095
21215.588379	-141.496597
21220.971680	-141.199707
21226.354980	-141.465881
21231.738281	-142.026337
21237.121582	-141.982285
21242.504883	-141.503540
21247.888184	-141.380142
21253.271484	-141.999512
21258.654785	-141.909393
21264.038086	-142.038086
21269.421387	-142.107819
21274.804688	-142.560242
21280.187988	-141.880447
21285.571289	-141.281708
21290.954590	-140.873550
21296.337891	-140.807007
21301.721191	-141.568756
21307.104492	-141.723206
21312.487793	-141.223633
21317.871094	-141.271759
21323.254395	-141.106247
21328.637695	-141.398254
21334.020996	-141.810333
21339.404297	-141.603775
21344.787598	-141.293839
21350.170898	-141.128021
21355.554199	-141.366684
21360.937500	-141.575058
21366.320801	-141.637573
21371.704102	-141.273544
21377.087402	-141.459106
21382.470703	-141.580536
21387.854004	-141.464325
21393.237305	-141.841400
21398.620605	-141.610260
21404.003906	-141.152206
21409.387207	-141.438293
21414.770508	-142.254730
21420.153809	-142.213837
21425.537109	-141.854477
21430.920410	-141.932724
21436.303711	-141.623596
21441.687012	-141.608841
21447.070312	-141.075211
21452.453613	-141.099548
21457.836914	-141.006531
21463.220215	-141.300186
21468.603516	-141.491364
21473.986816	-141.675415
21479.370117	-141.697647
21484.753418	-142.286285
21490.136719	-141.983688
21495.520020	-141.329590
21500.903320	-141.563919
21506.286621	-141.458557
21511.669922	-141.486115
21517.053223	-141.354172
21522.436523	-141.988708
21527.819824	-142.098389
21533.203125	-142.221786
21538.586426	-142.088287
21543.969727	-141.738022
21549.353027	-141.876740
21554.736328	-142.283203
21560.119629	-142.261200
21565.502930	-142.075317
21570.886230	-141.992355
21576.269531	-141.589752
21581.652832	-141.612259
21587.036133	-141.337341
21592.419434	-141.577515
21597.802734	-142.480316
21603.186035	-142.443359
21608.569336	-141.477142
21613.952637	-141.505890
21619.335938	-142.316086
21624.719238	-141.397568
21630.102539	-140.787155
21635.485840	-141.566956
21640.869141	-141.619705
21646.252441	-141.642105
21651.635742	-141.694519
21657.019043	-142.184036
21662.402344	-141.768982
21667.785645	-141.383789
21673.168945	-141.316437
21678.552246	-140.622299
21683.935547	-140.562073
21689.318848	-140.979553
21694.702148	-141.997879
21700.085449	-141.752060
21705.468750	-141.756866
21710.852051	-141.684052
21716.235352	-141.307220
21721.618652	-141.298859
21727.001953	-141.325165
21732.385254	-141.610825
21737.768555	-140.959579
21743.151855	-140.512497
21748.535156	-141.434067
21753.918457	-141.442764
21759.301758	-141.702866
21764.685059	-141.678360
21770.068359	-141.824615
21775.451660	-140.715393
21780.834961	-140.358032
21786.218262	-141.362076
21791.601562	-141.787949
21796.984863	-141.709290
21802.368164	-141.961899
21807.751465	-141.055405
21813.134766	-140.984421
21818.518066	-141.204514
21823.901367	-141.698959
21829.284668	-141.564789
21834.667969	-141.781204
21840.051270	-141.951340
21845.434570	-141.894089
21850.817871	-141.811203
21856.201172	-141.669983
21861.584473	-141.645721
21866.967773	-141.580933
21872.351074	-141.517929
21877.734375	-141.413330
21883.117676	-141.493866
21888.500977	-141.654312
21893.884277	-141.526993
21899.267578	-141.063919
21904.650879	-140.601105
21910.034180	-139.985367
21915.417480	-140.371597
21920.800781	-140.433304
21926.184082	-141.526901
21931.567383	-142.261383
21936.950684	-141.720581
21942.333984	-141.286560
21947.717285	-141.563034
21953.100586	-141.548294
21958.483887	-140.777298
21963.867188	-140.922302
21969.250488	-141.447754
21974.633789	-141.656586
21980.017090	-141.680054
21985.400391	-140.831757
21990.783691	-140.903717
21996.166992	-140.523376
22001.550293	-141.507080
22006.933594	-142.032913
22012.316895	-141.817825
22017.700195	-141.324112
22023.083496	-141.103607
22028.466797	-140.905914
22033.850098	-141.763458
22039.233398	-142.226456
22044.616699	-142.095856
